category,pipeline,n,rejected,rejection_rate
invalid_ambiguous,cir,12,12,1.0
invalid_ambiguous,direct,12,11,0.9166666666666666
invalid_ambiguous,proposed,12,12,1.0
invalid_compound_mixed,cir,10,3,0.3
invalid_compound_mixed,direct,10,10,1.0
invalid_compound_mixed,proposed,10,3,0.3
invalid_contradictory,cir,12,1,0.08333333333333333
invalid_contradictory,direct,12,12,1.0
invalid_contradictory,proposed,12,1,0.08333333333333333
invalid_explicit_unsupported_parameter,cir,12,0,0.0
invalid_explicit_unsupported_parameter,direct,12,12,1.0
invalid_explicit_unsupported_parameter,proposed,12,12,1.0
invalid_implicit_unsupported_parameter,cir,12,0,0.0
invalid_implicit_unsupported_parameter,direct,12,12,1.0
invalid_implicit_unsupported_parameter,proposed,12,0,0.0
invalid_incomplete,cir,8,8,1.0
invalid_incomplete,direct,8,8,1.0
invalid_incomplete,proposed,8,8,1.0
invalid_out_of_range,cir,12,11,0.9166666666666666
invalid_out_of_range,direct,12,12,1.0
invalid_out_of_range,proposed,12,12,1.0
invalid_prompt_adversarial,cir,10,8,0.8
invalid_prompt_adversarial,direct,10,10,1.0
invalid_prompt_adversarial,proposed,10,8,0.8
invalid_unsupported_concept,cir,12,12,1.0
invalid_unsupported_concept,direct,12,12,1.0
invalid_unsupported_concept,proposed,12,12,1.0
