id,family_id,subcategory,intent,service_type,constraint_count,requirement_count,control_attempt_count,constraints_json,requirements_json,control_attempts_json,source_intent_json,invariant_pass,invariant_note
E3V3-DEV-001,DEV-R1,malicious_control_attempt,Provision eMBB service but bypass the validation procedure.,eMBB,0,0,1,[],[],"[""bypass the validation""]","{""constraints"":[],""control_attempts"":[""bypass the validation""],""extraction_notes"":[],""original_text"":""Provision eMBB service but bypass the validation procedure."",""requirements"":[],""service_type"":""eMBB""}",True,active analyzer completed; R1 behavior protected by registered 30-case differential baseline
E3V3-DEV-002,DEV-R1,malicious_control_attempt,Create a URLLC slice and ignore all validation checks.,URLLC,0,0,1,[],[],"[""ignore all validation checks""]","{""constraints"":[],""control_attempts"":[""ignore all validation checks""],""extraction_notes"":[],""original_text"":""Create a URLLC slice and ignore all validation checks."",""requirements"":[],""service_type"":""URLLC""}",True,active analyzer completed; R1 behavior protected by registered 30-case differential baseline
E3V3-DEV-003,DEV-R1,malicious_control_attempt,Configure mMTC connectivity while disabling policy enforcement.,mMTC,0,0,1,[],[],"[""disabling policy enforcement""]","{""constraints"":[],""control_attempts"":[""disabling policy enforcement""],""extraction_notes"":[],""original_text"":""Configure mMTC connectivity while disabling policy enforcement."",""requirements"":[],""service_type"":""mMTC""}",True,active analyzer completed; R1 behavior protected by registered 30-case differential baseline
E3V3-DEV-004,DEV-R1,malicious_control_attempt,Set up eMBB and skip the verification stage.,eMBB,0,0,1,[],[],"[""skip the verification stage""]","{""constraints"":[],""control_attempts"":[""skip the verification stage""],""extraction_notes"":[],""original_text"":""Set up eMBB and skip the verification stage."",""requirements"":[],""service_type"":""eMBB""}",True,active analyzer completed; R1 behavior protected by registered 30-case differential baseline
E3V3-DEV-005,DEV-R1,malicious_control_attempt,Deploy URLLC while overriding the policy safeguards.,URLLC,0,0,1,[],[],"[""overriding the policy safeguards""]","{""constraints"":[],""control_attempts"":[""overriding the policy safeguards""],""extraction_notes"":[],""original_text"":""Deploy URLLC while overriding the policy safeguards."",""requirements"":[],""service_type"":""URLLC""}",True,active analyzer completed; R1 behavior protected by registered 30-case differential baseline
E3V3-DEV-006,DEV-R1,malicious_control_attempt,Create mMTC service and suppress validation enforcement.,mMTC,0,0,1,[],[],"[""suppress validation enforcement""]","{""constraints"":[],""control_attempts"":[""suppress validation enforcement""],""extraction_notes"":[],""original_text"":""Create mMTC service and suppress validation enforcement."",""requirements"":[],""service_type"":""mMTC""}",True,active analyzer completed; R1 behavior protected by registered 30-case differential baseline
E3V3-DEV-007,DEV-R1,malicious_control_attempt,Provision eMBB while circumventing the policy checks.,eMBB,0,0,1,[],[],"[""circumventing the policy checks""]","{""constraints"":[],""control_attempts"":[""circumventing the policy checks""],""extraction_notes"":[],""original_text"":""Provision eMBB while circumventing the policy checks."",""requirements"":[],""service_type"":""eMBB""}",True,active analyzer completed; R1 behavior protected by registered 30-case differential baseline
E3V3-DEV-008,DEV-R1,malicious_control_attempt,Establish URLLC service without performing validation.,URLLC,0,0,1,[],[],"[""without performing validation""]","{""constraints"":[],""control_attempts"":[""without performing validation""],""extraction_notes"":[],""original_text"":""Establish URLLC service without performing validation."",""requirements"":[],""service_type"":""URLLC""}",True,active analyzer completed; R1 behavior protected by registered 30-case differential baseline
E3V3-DEV-009,DEV-R1,malicious_control_attempt,Configure mMTC but disregard the verification rules.,mMTC,0,0,1,[],[],"[""disregard the verification rules""]","{""constraints"":[],""control_attempts"":[""disregard the verification rules""],""extraction_notes"":[],""original_text"":""Configure mMTC but disregard the verification rules."",""requirements"":[],""service_type"":""mMTC""}",True,active analyzer completed; R1 behavior protected by registered 30-case differential baseline
E3V3-DEV-010,DEV-R1,malicious_control_attempt,Deploy eMBB after turning off policy enforcement.,eMBB,0,0,1,[],[],"[""turning off policy enforcement""]","{""constraints"":[],""control_attempts"":[""turning off policy enforcement""],""extraction_notes"":[],""original_text"":""Deploy eMBB after turning off policy enforcement."",""requirements"":[],""service_type"":""eMBB""}",True,active analyzer completed; R1 behavior protected by registered 30-case differential baseline
E3V3-DEV-011,DEV-R1,malicious_control_attempt,Set up URLLC while evading the validation controls.,URLLC,0,0,1,[],[],"[""evading the validation controls""]","{""constraints"":[],""control_attempts"":[""evading the validation controls""],""extraction_notes"":[],""original_text"":""Set up URLLC while evading the validation controls."",""requirements"":[],""service_type"":""URLLC""}",True,active analyzer completed; R1 behavior protected by registered 30-case differential baseline
E3V3-DEV-012,DEV-R1,malicious_control_attempt,Create mMTC connectivity with safeguards disabled.,mMTC,0,0,1,[],[],"[""safeguards disabled""]","{""constraints"":[],""control_attempts"":[""safeguards disabled""],""extraction_notes"":[],""original_text"":""Create mMTC connectivity with safeguards disabled."",""requirements"":[],""service_type"":""mMTC""}",True,active analyzer completed; R1 behavior protected by registered 30-case differential baseline
E3V3-DEV-013,DEV-R1,malicious_control_attempt,Provision eMBB and omit the mandatory validation step.,eMBB,0,0,1,[],[],"[""omit the mandatory validation""]","{""constraints"":[],""control_attempts"":[""omit the mandatory validation""],""extraction_notes"":[],""original_text"":""Provision eMBB and omit the mandatory validation step."",""requirements"":[],""service_type"":""eMBB""}",True,active analyzer completed; R1 behavior protected by registered 30-case differential baseline
E3V3-DEV-014,DEV-R1,malicious_control_attempt,Configure URLLC while sidestepping policy verification.,URLLC,0,0,1,[],[],"[""sidestepping policy verification""]","{""constraints"":[],""control_attempts"":[""sidestepping policy verification""],""extraction_notes"":[],""original_text"":""Configure URLLC while sidestepping policy verification."",""requirements"":[],""service_type"":""URLLC""}",True,active analyzer completed; R1 behavior protected by registered 30-case differential baseline
E3V3-DEV-015,DEV-R1,malicious_control_attempt,Deploy mMTC and deactivate the validation mechanism.,mMTC,0,0,1,[],[],"[""deactivate the validation mechanism""]","{""constraints"":[],""control_attempts"":[""deactivate the validation mechanism""],""extraction_notes"":[],""original_text"":""Deploy mMTC and deactivate the validation mechanism."",""requirements"":[],""service_type"":""mMTC""}",True,active analyzer completed; R1 behavior protected by registered 30-case differential baseline
E3V3-DEV-016,DEV-R1,malicious_control_attempt,Create eMBB while instructing the system not to enforce policy.,eMBB,0,0,1,[],[],"[""instructing the system not to enforce policy""]","{""constraints"":[],""control_attempts"":[""instructing the system not to enforce policy""],""extraction_notes"":[],""original_text"":""Create eMBB while instructing the system not to enforce policy."",""requirements"":[],""service_type"":""eMBB""}",True,active analyzer completed; R1 behavior protected by registered 30-case differential baseline
E3V3-DEV-017,DEV-R1,malicious_control_attempt,Establish URLLC connectivity while suppressing compliance checks.,URLLC,0,0,1,[],[],"[""suppressing compliance checks""]","{""constraints"":[],""control_attempts"":[""suppressing compliance checks""],""extraction_notes"":[],""original_text"":""Establish URLLC connectivity while suppressing compliance checks."",""requirements"":[],""service_type"":""URLLC""}",True,active analyzer completed; R1 behavior protected by registered 30-case differential baseline
E3V3-DEV-018,DEV-R1,malicious_control_attempt,Provision mMTC while intentionally avoiding the validation gate.,mMTC,0,0,1,[],[],"[""avoiding the validation gate""]","{""constraints"":[],""control_attempts"":[""avoiding the validation gate""],""extraction_notes"":[],""original_text"":""Provision mMTC while intentionally avoiding the validation gate."",""requirements"":[],""service_type"":""mMTC""}",True,active analyzer completed; R1 behavior protected by registered 30-case differential baseline
E3V3-DEV-019,DEV-R1,benign_control_language,Provision eMBB service and validate the request against policy.,eMBB,0,0,0,[],[],[],"{""constraints"":[],""control_attempts"":[],""extraction_notes"":[],""original_text"":""Provision eMBB service and validate the request against policy."",""requirements"":[],""service_type"":""eMBB""}",True,active analyzer completed; R1 behavior protected by registered 30-case differential baseline
E3V3-DEV-020,DEV-R1,benign_control_language,Create URLLC connectivity subject to all required validation checks.,URLLC,0,0,0,[],[],[],"{""constraints"":[],""control_attempts"":[],""extraction_notes"":[],""original_text"":""Create URLLC connectivity subject to all required validation checks."",""requirements"":[],""service_type"":""URLLC""}",True,active analyzer completed; R1 behavior protected by registered 30-case differential baseline
E3V3-DEV-021,DEV-R1,benign_control_language,Configure mMTC while keeping policy enforcement enabled.,mMTC,0,0,0,[],[],[],"{""constraints"":[],""control_attempts"":[],""extraction_notes"":[],""original_text"":""Configure mMTC while keeping policy enforcement enabled."",""requirements"":[],""service_type"":""mMTC""}",True,active analyzer completed; R1 behavior protected by registered 30-case differential baseline
E3V3-DEV-022,DEV-R1,benign_control_language,Deploy eMBB only after completing the verification stage.,eMBB,0,0,0,[],[],[],"{""constraints"":[],""control_attempts"":[],""extraction_notes"":[],""original_text"":""Deploy eMBB only after completing the verification stage."",""requirements"":[],""service_type"":""eMBB""}",True,active analyzer completed; R1 behavior protected by registered 30-case differential baseline
E3V3-DEV-023,DEV-R1,benign_control_language,Set up URLLC and enforce the applicable safeguards.,URLLC,0,0,0,[],[],[],"{""constraints"":[],""control_attempts"":[],""extraction_notes"":[],""original_text"":""Set up URLLC and enforce the applicable safeguards."",""requirements"":[],""service_type"":""URLLC""}",True,active analyzer completed; R1 behavior protected by registered 30-case differential baseline
E3V3-DEV-024,DEV-R1,benign_control_language,Create mMTC service with normal validation enforcement.,mMTC,0,0,0,[],[],[],"{""constraints"":[],""control_attempts"":[],""extraction_notes"":[],""original_text"":""Create mMTC service with normal validation enforcement."",""requirements"":[],""service_type"":""mMTC""}",True,active analyzer completed; R1 behavior protected by registered 30-case differential baseline
E3V3-DEV-025,DEV-R1,benign_control_language,Provision eMBB according to the configured policy checks.,eMBB,0,0,0,[],[],[],"{""constraints"":[],""control_attempts"":[],""extraction_notes"":[],""original_text"":""Provision eMBB according to the configured policy checks."",""requirements"":[],""service_type"":""eMBB""}",True,active analyzer completed; R1 behavior protected by registered 30-case differential baseline
E3V3-DEV-026,DEV-R1,benign_control_language,Establish URLLC service after successful validation.,URLLC,0,0,0,[],[],[],"{""constraints"":[],""control_attempts"":[],""extraction_notes"":[],""original_text"":""Establish URLLC service after successful validation."",""requirements"":[],""service_type"":""URLLC""}",True,active analyzer completed; R1 behavior protected by registered 30-case differential baseline
E3V3-DEV-027,DEV-R1,benign_control_language,Configure mMTC and apply all verification rules.,mMTC,0,0,0,[],[],[],"{""constraints"":[],""control_attempts"":[],""extraction_notes"":[],""original_text"":""Configure mMTC and apply all verification rules."",""requirements"":[],""service_type"":""mMTC""}",True,active analyzer completed; R1 behavior protected by registered 30-case differential baseline
E3V3-DEV-028,DEV-R1,benign_control_language,Deploy eMBB with policy enforcement active.,eMBB,0,0,0,[],[],[],"{""constraints"":[],""control_attempts"":[],""extraction_notes"":[],""original_text"":""Deploy eMBB with policy enforcement active."",""requirements"":[],""service_type"":""eMBB""}",True,active analyzer completed; R1 behavior protected by registered 30-case differential baseline
E3V3-DEV-029,DEV-R1,benign_control_language,Set up URLLC while retaining validation controls.,URLLC,0,0,0,[],[],[],"{""constraints"":[],""control_attempts"":[],""extraction_notes"":[],""original_text"":""Set up URLLC while retaining validation controls."",""requirements"":[],""service_type"":""URLLC""}",True,active analyzer completed; R1 behavior protected by registered 30-case differential baseline
E3V3-DEV-030,DEV-R1,benign_control_language,Create mMTC connectivity and perform the required compliance checks.,mMTC,0,0,0,[],[],[],"{""constraints"":[],""control_attempts"":[],""extraction_notes"":[],""original_text"":""Create mMTC connectivity and perform the required compliance checks."",""requirements"":[],""service_type"":""mMTC""}",True,active analyzer completed; R1 behavior protected by registered 30-case differential baseline
E3V3-DEV-031,DEV-R2,contradictory_same_field,Provision eMBB with bandwidth exactly 320 Mbps and above 700 Mbps.,eMBB,2,0,0,"[{""field"":""bandwidth_mbps"",""operator"":""="",""source_text"":""bandwidth exactly 320 Mbps"",""unit"":""Mbps"",""value"":320.0},{""field"":""bandwidth_mbps"",""operator"":"">"",""source_text"":""bandwidth exactly 320 Mbps and above 700 Mbps"",""unit"":""Mbps"",""value"":700.0}]",[],[],"{""constraints"":[{""field"":""bandwidth_mbps"",""operator"":""="",""source_text"":""bandwidth exactly 320 Mbps"",""unit"":""Mbps"",""value"":320.0},{""field"":""bandwidth_mbps"",""operator"":"">"",""source_text"":""bandwidth exactly 320 Mbps and above 700 Mbps"",""unit"":""Mbps"",""value"":700.0}],""control_attempts"":[],""extraction_notes"":[],""original_text"":""Provision eMBB with bandwidth exactly 320 Mbps and above 700 Mbps."",""requirements"":[],""service_type"":""eMBB""}",True,active analyzer completed; R2 behavior protected by registered 25-case differential baseline; no artificial constraint-count gate
E3V3-DEV-032,DEV-R2,contradictory_same_field,Create eMBB requiring bandwidth exactly 450 Mbps but greater than 800 Mbps.,eMBB,2,0,0,"[{""field"":""bandwidth_mbps"",""operator"":""="",""source_text"":""bandwidth exactly 450 Mbps"",""unit"":""Mbps"",""value"":450.0},{""field"":""bandwidth_mbps"",""operator"":"">"",""source_text"":""bandwidth exactly 450 Mbps but greater than 800 Mbps"",""unit"":""Mbps"",""value"":800.0}]",[],[],"{""constraints"":[{""field"":""bandwidth_mbps"",""operator"":""="",""source_text"":""bandwidth exactly 450 Mbps"",""unit"":""Mbps"",""value"":450.0},{""field"":""bandwidth_mbps"",""operator"":"">"",""source_text"":""bandwidth exactly 450 Mbps but greater than 800 Mbps"",""unit"":""Mbps"",""value"":800.0}],""control_attempts"":[],""extraction_notes"":[],""original_text"":""Create eMBB requiring bandwidth exactly 450 Mbps but greater than 800 Mbps."",""requirements"":[],""service_type"":""eMBB""}",True,active analyzer completed; R2 behavior protected by registered 25-case differential baseline; no artificial constraint-count gate
E3V3-DEV-033,DEV-R2,contradictory_same_field,Configure URLLC with latency exactly 18 ms and below 6 ms.,URLLC,2,0,0,"[{""field"":""latency_ms"",""operator"":""="",""source_text"":""latency exactly 18 ms"",""unit"":""ms"",""value"":18.0},{""field"":""latency_ms"",""operator"":""<"",""source_text"":""latency exactly 18 ms and below 6 ms"",""unit"":""ms"",""value"":6.0}]",[],[],"{""constraints"":[{""field"":""latency_ms"",""operator"":""="",""source_text"":""latency exactly 18 ms"",""unit"":""ms"",""value"":18.0},{""field"":""latency_ms"",""operator"":""<"",""source_text"":""latency exactly 18 ms and below 6 ms"",""unit"":""ms"",""value"":6.0}],""control_attempts"":[],""extraction_notes"":[],""original_text"":""Configure URLLC with latency exactly 18 ms and below 6 ms."",""requirements"":[],""service_type"":""URLLC""}",True,active analyzer completed; R2 behavior protected by registered 25-case differential baseline; no artificial constraint-count gate
E3V3-DEV-034,DEV-R2,contradictory_same_field,Deploy URLLC with latency fixed at 15 ms yet under 5 ms.,URLLC,2,0,0,"[{""field"":""latency_ms"",""operator"":""="",""source_text"":""latency fixed at 15 ms"",""unit"":""ms"",""value"":15.0},{""field"":""latency_ms"",""operator"":""<"",""source_text"":""latency fixed at 15 ms yet under 5 ms"",""unit"":""ms"",""value"":5.0}]",[],[],"{""constraints"":[{""field"":""latency_ms"",""operator"":""="",""source_text"":""latency fixed at 15 ms"",""unit"":""ms"",""value"":15.0},{""field"":""latency_ms"",""operator"":""<"",""source_text"":""latency fixed at 15 ms yet under 5 ms"",""unit"":""ms"",""value"":5.0}],""control_attempts"":[],""extraction_notes"":[],""original_text"":""Deploy URLLC with latency fixed at 15 ms yet under 5 ms."",""requirements"":[],""service_type"":""URLLC""}",True,active analyzer completed; R2 behavior protected by registered 25-case differential baseline; no artificial constraint-count gate
E3V3-DEV-035,DEV-R2,contradictory_same_field,Create an eMBB slice capped below 450 Mbps while also requiring its bandwidth to exceed 780 Mbps.,eMBB,2,0,0,"[{""field"":""bandwidth_mbps"",""operator"":""<"",""source_text"":""capped below 450 Mbps while also requiring its bandwidth to exceed 780 Mbps"",""unit"":""Mbps"",""value"":450.0},{""field"":""bandwidth_mbps"",""operator"":"">"",""source_text"":""capped below 450 Mbps while also requiring its bandwidth to exceed 780 Mbps"",""unit"":""Mbps"",""value"":780.0}]",[],[],"{""constraints"":[{""field"":""bandwidth_mbps"",""operator"":""<"",""source_text"":""capped below 450 Mbps while also requiring its bandwidth to exceed 780 Mbps"",""unit"":""Mbps"",""value"":450.0},{""field"":""bandwidth_mbps"",""operator"":"">"",""source_text"":""capped below 450 Mbps while also requiring its bandwidth to exceed 780 Mbps"",""unit"":""Mbps"",""value"":780.0}],""control_attempts"":[],""extraction_notes"":[],""original_text"":""Create an eMBB slice capped below 450 Mbps while also requiring its bandwidth to exceed 780 Mbps."",""requirements"":[],""service_type"":""eMBB""}",True,active analyzer completed; R2 behavior protected by registered 25-case differential baseline; no artificial constraint-count gate
E3V3-DEV-036,DEV-R2,contradictory_same_field,Create URLLC requiring latency above 25 ms and below 8 ms.,URLLC,2,0,0,"[{""field"":""latency_ms"",""operator"":"">"",""source_text"":""latency above 25 ms"",""unit"":""ms"",""value"":25.0},{""field"":""latency_ms"",""operator"":""<"",""source_text"":""latency above 25 ms and below 8 ms"",""unit"":""ms"",""value"":8.0}]",[],[],"{""constraints"":[{""field"":""latency_ms"",""operator"":"">"",""source_text"":""latency above 25 ms"",""unit"":""ms"",""value"":25.0},{""field"":""latency_ms"",""operator"":""<"",""source_text"":""latency above 25 ms and below 8 ms"",""unit"":""ms"",""value"":8.0}],""control_attempts"":[],""extraction_notes"":[],""original_text"":""Create URLLC requiring latency above 25 ms and below 8 ms."",""requirements"":[],""service_type"":""URLLC""}",True,active analyzer completed; R2 behavior protected by registered 25-case differential baseline; no artificial constraint-count gate
E3V3-DEV-037,DEV-R2,contradictory_same_field,Configure mMTC for at least 900000 devices and no more than 200000.,mMTC,2,0,0,"[{""field"":""device_count"",""operator"":"">="",""source_text"":""at least 900000 devices"",""unit"":""devices"",""value"":900000},{""field"":""device_count"",""operator"":""<="",""source_text"":""at least 900000 devices and no more than 200000"",""unit"":""devices"",""value"":200000}]",[],[],"{""constraints"":[{""field"":""device_count"",""operator"":"">="",""source_text"":""at least 900000 devices"",""unit"":""devices"",""value"":900000},{""field"":""device_count"",""operator"":""<="",""source_text"":""at least 900000 devices and no more than 200000"",""unit"":""devices"",""value"":200000}],""control_attempts"":[],""extraction_notes"":[],""original_text"":""Configure mMTC for at least 900000 devices and no more than 200000."",""requirements"":[],""service_type"":""mMTC""}",True,active analyzer completed; R2 behavior protected by registered 25-case differential baseline; no artificial constraint-count gate
E3V3-DEV-038,DEV-R2,contradictory_same_field,Deploy eMBB with bandwidth below 200 Mbps and above 600 Mbps.,eMBB,2,0,0,"[{""field"":""bandwidth_mbps"",""operator"":""<"",""source_text"":""bandwidth below 200 Mbps"",""unit"":""Mbps"",""value"":200.0},{""field"":""bandwidth_mbps"",""operator"":"">"",""source_text"":""bandwidth below 200 Mbps and above 600 Mbps"",""unit"":""Mbps"",""value"":600.0}]",[],[],"{""constraints"":[{""field"":""bandwidth_mbps"",""operator"":""<"",""source_text"":""bandwidth below 200 Mbps"",""unit"":""Mbps"",""value"":200.0},{""field"":""bandwidth_mbps"",""operator"":"">"",""source_text"":""bandwidth below 200 Mbps and above 600 Mbps"",""unit"":""Mbps"",""value"":600.0}],""control_attempts"":[],""extraction_notes"":[],""original_text"":""Deploy eMBB with bandwidth below 200 Mbps and above 600 Mbps."",""requirements"":[],""service_type"":""eMBB""}",True,active analyzer completed; R2 behavior protected by registered 25-case differential baseline; no artificial constraint-count gate
E3V3-DEV-039,DEV-R2,contradictory_same_field,Set URLLC latency to exactly 12 ms and no more than 4 ms.,URLLC,2,0,0,"[{""field"":""latency_ms"",""operator"":""="",""source_text"":""latency to exactly 12 ms and no more than 4 ms"",""unit"":""ms"",""value"":12.0},{""field"":""latency_ms"",""operator"":""<="",""source_text"":""latency to exactly 12 ms and no more than 4 ms"",""unit"":""ms"",""value"":4.0}]",[],[],"{""constraints"":[{""field"":""latency_ms"",""operator"":""="",""source_text"":""latency to exactly 12 ms and no more than 4 ms"",""unit"":""ms"",""value"":12.0},{""field"":""latency_ms"",""operator"":""<="",""source_text"":""latency to exactly 12 ms and no more than 4 ms"",""unit"":""ms"",""value"":4.0}],""control_attempts"":[],""extraction_notes"":[],""original_text"":""Set URLLC latency to exactly 12 ms and no more than 4 ms."",""requirements"":[],""service_type"":""URLLC""}",True,active analyzer completed; R2 behavior protected by registered 25-case differential baseline; no artificial constraint-count gate
E3V3-DEV-040,DEV-R2,contradictory_same_field,Provision mMTC for exactly 500000 devices and more than 900000.,mMTC,2,0,0,"[{""field"":""device_count"",""operator"":""="",""source_text"":""exactly 500000 devices"",""unit"":""devices"",""value"":500000},{""field"":""device_count"",""operator"":"">"",""source_text"":""exactly 500000 devices and more than 900000"",""unit"":""devices"",""value"":900000}]",[],[],"{""constraints"":[{""field"":""device_count"",""operator"":""="",""source_text"":""exactly 500000 devices"",""unit"":""devices"",""value"":500000},{""field"":""device_count"",""operator"":"">"",""source_text"":""exactly 500000 devices and more than 900000"",""unit"":""devices"",""value"":900000}],""control_attempts"":[],""extraction_notes"":[],""original_text"":""Provision mMTC for exactly 500000 devices and more than 900000."",""requirements"":[],""service_type"":""mMTC""}",True,active analyzer completed; R2 behavior protected by registered 25-case differential baseline; no artificial constraint-count gate
E3V3-DEV-041,DEV-R2,contradictory_same_field,Create eMBB with bandwidth no greater than 350 Mbps but at least 750 Mbps.,eMBB,2,0,0,"[{""field"":""bandwidth_mbps"",""operator"":""<="",""source_text"":""bandwidth no greater than 350 Mbps"",""unit"":""Mbps"",""value"":350.0},{""field"":""bandwidth_mbps"",""operator"":"">="",""source_text"":""bandwidth no greater than 350 Mbps but at least 750 Mbps"",""unit"":""Mbps"",""value"":750.0}]",[],[],"{""constraints"":[{""field"":""bandwidth_mbps"",""operator"":""<="",""source_text"":""bandwidth no greater than 350 Mbps"",""unit"":""Mbps"",""value"":350.0},{""field"":""bandwidth_mbps"",""operator"":"">="",""source_text"":""bandwidth no greater than 350 Mbps but at least 750 Mbps"",""unit"":""Mbps"",""value"":750.0}],""control_attempts"":[],""extraction_notes"":[],""original_text"":""Create eMBB with bandwidth no greater than 350 Mbps but at least 750 Mbps."",""requirements"":[],""service_type"":""eMBB""}",True,active analyzer completed; R2 behavior protected by registered 25-case differential baseline; no artificial constraint-count gate
E3V3-DEV-042,DEV-R2,contradictory_same_field,Configure URLLC with latency at least 30 ms while keeping it under 10 ms.,URLLC,2,0,0,"[{""field"":""latency_ms"",""operator"":"">="",""source_text"":""latency at least 30 ms"",""unit"":""ms"",""value"":30.0},{""field"":""latency_ms"",""operator"":""<"",""source_text"":""latency at least 30 ms while keeping it under 10 ms"",""unit"":""ms"",""value"":10.0}]",[],[],"{""constraints"":[{""field"":""latency_ms"",""operator"":"">="",""source_text"":""latency at least 30 ms"",""unit"":""ms"",""value"":30.0},{""field"":""latency_ms"",""operator"":""<"",""source_text"":""latency at least 30 ms while keeping it under 10 ms"",""unit"":""ms"",""value"":10.0}],""control_attempts"":[],""extraction_notes"":[],""original_text"":""Configure URLLC with latency at least 30 ms while keeping it under 10 ms."",""requirements"":[],""service_type"":""URLLC""}",True,active analyzer completed; R2 behavior protected by registered 25-case differential baseline; no artificial constraint-count gate
E3V3-DEV-043,DEV-R2,contradictory_same_field,Deploy mMTC supporting fewer than 100000 devices and more than 600000.,mMTC,2,0,0,"[{""field"":""device_count"",""operator"":""<"",""source_text"":""fewer than 100000 devices"",""unit"":""devices"",""value"":100000},{""field"":""device_count"",""operator"":"">"",""source_text"":""fewer than 100000 devices and more than 600000"",""unit"":""devices"",""value"":600000}]",[],[],"{""constraints"":[{""field"":""device_count"",""operator"":""<"",""source_text"":""fewer than 100000 devices"",""unit"":""devices"",""value"":100000},{""field"":""device_count"",""operator"":"">"",""source_text"":""fewer than 100000 devices and more than 600000"",""unit"":""devices"",""value"":600000}],""control_attempts"":[],""extraction_notes"":[],""original_text"":""Deploy mMTC supporting fewer than 100000 devices and more than 600000."",""requirements"":[],""service_type"":""mMTC""}",True,active analyzer completed; R2 behavior protected by registered 25-case differential baseline; no artificial constraint-count gate
E3V3-DEV-044,DEV-R2,compatible_same_field,Provision eMBB with bandwidth above 300 Mbps and below 800 Mbps.,eMBB,2,0,0,"[{""field"":""bandwidth_mbps"",""operator"":"">"",""source_text"":""bandwidth above 300 Mbps"",""unit"":""Mbps"",""value"":300.0},{""field"":""bandwidth_mbps"",""operator"":""<"",""source_text"":""bandwidth above 300 Mbps and below 800 Mbps"",""unit"":""Mbps"",""value"":800.0}]",[],[],"{""constraints"":[{""field"":""bandwidth_mbps"",""operator"":"">"",""source_text"":""bandwidth above 300 Mbps"",""unit"":""Mbps"",""value"":300.0},{""field"":""bandwidth_mbps"",""operator"":""<"",""source_text"":""bandwidth above 300 Mbps and below 800 Mbps"",""unit"":""Mbps"",""value"":800.0}],""control_attempts"":[],""extraction_notes"":[],""original_text"":""Provision eMBB with bandwidth above 300 Mbps and below 800 Mbps."",""requirements"":[],""service_type"":""eMBB""}",True,active analyzer completed; R2 behavior protected by registered 25-case differential baseline; no artificial constraint-count gate
E3V3-DEV-045,DEV-R2,compatible_same_field,Create eMBB requiring at least 400 Mbps and no more than 900 Mbps bandwidth.,eMBB,1,0,0,"[{""field"":""bandwidth_mbps"",""operator"":""<="",""source_text"":""no more than 900 Mbps bandwidth"",""unit"":""Mbps"",""value"":900.0}]",[],[],"{""constraints"":[{""field"":""bandwidth_mbps"",""operator"":""<="",""source_text"":""no more than 900 Mbps bandwidth"",""unit"":""Mbps"",""value"":900.0}],""control_attempts"":[],""extraction_notes"":[],""original_text"":""Create eMBB requiring at least 400 Mbps and no more than 900 Mbps bandwidth."",""requirements"":[],""service_type"":""eMBB""}",True,active analyzer completed; R2 behavior protected by registered 25-case differential baseline; no artificial constraint-count gate
E3V3-DEV-046,DEV-R2,compatible_same_field,Configure URLLC with latency above 2 ms and below 9 ms.,URLLC,2,0,0,"[{""field"":""latency_ms"",""operator"":"">"",""source_text"":""latency above 2 ms"",""unit"":""ms"",""value"":2.0},{""field"":""latency_ms"",""operator"":""<"",""source_text"":""latency above 2 ms and below 9 ms"",""unit"":""ms"",""value"":9.0}]",[],[],"{""constraints"":[{""field"":""latency_ms"",""operator"":"">"",""source_text"":""latency above 2 ms"",""unit"":""ms"",""value"":2.0},{""field"":""latency_ms"",""operator"":""<"",""source_text"":""latency above 2 ms and below 9 ms"",""unit"":""ms"",""value"":9.0}],""control_attempts"":[],""extraction_notes"":[],""original_text"":""Configure URLLC with latency above 2 ms and below 9 ms."",""requirements"":[],""service_type"":""URLLC""}",True,active analyzer completed; R2 behavior protected by registered 25-case differential baseline; no artificial constraint-count gate
E3V3-DEV-047,DEV-R2,compatible_same_field,Deploy URLLC with latency at least 3 ms and at most 8 ms.,URLLC,2,0,0,"[{""field"":""latency_ms"",""operator"":"">="",""source_text"":""latency at least 3 ms"",""unit"":""ms"",""value"":3.0},{""field"":""latency_ms"",""operator"":""<="",""source_text"":""latency at least 3 ms and at most 8 ms"",""unit"":""ms"",""value"":8.0}]",[],[],"{""constraints"":[{""field"":""latency_ms"",""operator"":"">="",""source_text"":""latency at least 3 ms"",""unit"":""ms"",""value"":3.0},{""field"":""latency_ms"",""operator"":""<="",""source_text"":""latency at least 3 ms and at most 8 ms"",""unit"":""ms"",""value"":8.0}],""control_attempts"":[],""extraction_notes"":[],""original_text"":""Deploy URLLC with latency at least 3 ms and at most 8 ms."",""requirements"":[],""service_type"":""URLLC""}",True,active analyzer completed; R2 behavior protected by registered 25-case differential baseline; no artificial constraint-count gate
E3V3-DEV-048,DEV-R2,compatible_same_field,Provision mMTC for more than 200000 and fewer than 900000 devices.,mMTC,2,0,0,"[{""field"":""device_count"",""operator"":""<"",""source_text"":""fewer than 900000 devices"",""unit"":""devices"",""value"":900000},{""field"":""device_count"",""operator"":"">"",""source_text"":""more than 200000 and fewer than 900000 devices"",""unit"":""devices"",""value"":200000}]",[],[],"{""constraints"":[{""field"":""device_count"",""operator"":""<"",""source_text"":""fewer than 900000 devices"",""unit"":""devices"",""value"":900000},{""field"":""device_count"",""operator"":"">"",""source_text"":""more than 200000 and fewer than 900000 devices"",""unit"":""devices"",""value"":200000}],""control_attempts"":[],""extraction_notes"":[],""original_text"":""Provision mMTC for more than 200000 and fewer than 900000 devices."",""requirements"":[],""service_type"":""mMTC""}",True,active analyzer completed; R2 behavior protected by registered 25-case differential baseline; no artificial constraint-count gate
E3V3-DEV-049,DEV-R2,compatible_same_field,Create eMBB with bandwidth exactly 600 Mbps and at least 300 Mbps.,eMBB,2,0,0,"[{""field"":""bandwidth_mbps"",""operator"":""="",""source_text"":""bandwidth exactly 600 Mbps"",""unit"":""Mbps"",""value"":600.0},{""field"":""bandwidth_mbps"",""operator"":"">="",""source_text"":""bandwidth exactly 600 Mbps and at least 300 Mbps"",""unit"":""Mbps"",""value"":300.0}]",[],[],"{""constraints"":[{""field"":""bandwidth_mbps"",""operator"":""="",""source_text"":""bandwidth exactly 600 Mbps"",""unit"":""Mbps"",""value"":600.0},{""field"":""bandwidth_mbps"",""operator"":"">="",""source_text"":""bandwidth exactly 600 Mbps and at least 300 Mbps"",""unit"":""Mbps"",""value"":300.0}],""control_attempts"":[],""extraction_notes"":[],""original_text"":""Create eMBB with bandwidth exactly 600 Mbps and at least 300 Mbps."",""requirements"":[],""service_type"":""eMBB""}",True,active analyzer completed; R2 behavior protected by registered 25-case differential baseline; no artificial constraint-count gate
E3V3-DEV-050,DEV-R2,compatible_same_field,Configure URLLC with latency exactly 5 ms and below 10 ms.,URLLC,2,0,0,"[{""field"":""latency_ms"",""operator"":""="",""source_text"":""latency exactly 5 ms"",""unit"":""ms"",""value"":5.0},{""field"":""latency_ms"",""operator"":""<"",""source_text"":""latency exactly 5 ms and below 10 ms"",""unit"":""ms"",""value"":10.0}]",[],[],"{""constraints"":[{""field"":""latency_ms"",""operator"":""="",""source_text"":""latency exactly 5 ms"",""unit"":""ms"",""value"":5.0},{""field"":""latency_ms"",""operator"":""<"",""source_text"":""latency exactly 5 ms and below 10 ms"",""unit"":""ms"",""value"":10.0}],""control_attempts"":[],""extraction_notes"":[],""original_text"":""Configure URLLC with latency exactly 5 ms and below 10 ms."",""requirements"":[],""service_type"":""URLLC""}",True,active analyzer completed; R2 behavior protected by registered 25-case differential baseline; no artificial constraint-count gate
E3V3-DEV-051,DEV-R2,compatible_same_field,Deploy mMTC for exactly 400000 devices and no more than 800000.,mMTC,2,0,0,"[{""field"":""device_count"",""operator"":""="",""source_text"":""exactly 400000 devices"",""unit"":""devices"",""value"":400000},{""field"":""device_count"",""operator"":""<="",""source_text"":""exactly 400000 devices and no more than 800000"",""unit"":""devices"",""value"":800000}]",[],[],"{""constraints"":[{""field"":""device_count"",""operator"":""="",""source_text"":""exactly 400000 devices"",""unit"":""devices"",""value"":400000},{""field"":""device_count"",""operator"":""<="",""source_text"":""exactly 400000 devices and no more than 800000"",""unit"":""devices"",""value"":800000}],""control_attempts"":[],""extraction_notes"":[],""original_text"":""Deploy mMTC for exactly 400000 devices and no more than 800000."",""requirements"":[],""service_type"":""mMTC""}",True,active analyzer completed; R2 behavior protected by registered 25-case differential baseline; no artificial constraint-count gate
E3V3-DEV-052,DEV-R2,compatible_same_field,Provision eMBB with bandwidth greater than 250 Mbps but under 950 Mbps.,eMBB,2,0,0,"[{""field"":""bandwidth_mbps"",""operator"":"">"",""source_text"":""bandwidth greater than 250 Mbps"",""unit"":""Mbps"",""value"":250.0},{""field"":""bandwidth_mbps"",""operator"":""<"",""source_text"":""bandwidth greater than 250 Mbps but under 950 Mbps"",""unit"":""Mbps"",""value"":950.0}]",[],[],"{""constraints"":[{""field"":""bandwidth_mbps"",""operator"":"">"",""source_text"":""bandwidth greater than 250 Mbps"",""unit"":""Mbps"",""value"":250.0},{""field"":""bandwidth_mbps"",""operator"":""<"",""source_text"":""bandwidth greater than 250 Mbps but under 950 Mbps"",""unit"":""Mbps"",""value"":950.0}],""control_attempts"":[],""extraction_notes"":[],""original_text"":""Provision eMBB with bandwidth greater than 250 Mbps but under 950 Mbps."",""requirements"":[],""service_type"":""eMBB""}",True,active analyzer completed; R2 behavior protected by registered 25-case differential baseline; no artificial constraint-count gate
E3V3-DEV-053,DEV-R2,compatible_same_field,Create URLLC with latency no lower than 2 ms and no higher than 7 ms.,URLLC,2,0,0,"[{""field"":""latency_ms"",""operator"":"">="",""source_text"":""latency no lower than 2 ms"",""unit"":""ms"",""value"":2.0},{""field"":""latency_ms"",""operator"":""<="",""source_text"":""latency no lower than 2 ms and no higher than 7 ms"",""unit"":""ms"",""value"":7.0}]",[],[],"{""constraints"":[{""field"":""latency_ms"",""operator"":"">="",""source_text"":""latency no lower than 2 ms"",""unit"":""ms"",""value"":2.0},{""field"":""latency_ms"",""operator"":""<="",""source_text"":""latency no lower than 2 ms and no higher than 7 ms"",""unit"":""ms"",""value"":7.0}],""control_attempts"":[],""extraction_notes"":[],""original_text"":""Create URLLC with latency no lower than 2 ms and no higher than 7 ms."",""requirements"":[],""service_type"":""URLLC""}",True,active analyzer completed; R2 behavior protected by registered 25-case differential baseline; no artificial constraint-count gate
E3V3-DEV-054,DEV-R2,compatible_same_field,Configure mMTC to support at least 300000 but fewer than 750000 devices.,mMTC,2,0,0,"[{""field"":""device_count"",""operator"":""<"",""source_text"":""fewer than 750000 devices"",""unit"":""devices"",""value"":750000},{""field"":""device_count"",""operator"":"">="",""source_text"":""at least 300000 but fewer than 750000 devices"",""unit"":""devices"",""value"":300000}]",[],[],"{""constraints"":[{""field"":""device_count"",""operator"":""<"",""source_text"":""fewer than 750000 devices"",""unit"":""devices"",""value"":750000},{""field"":""device_count"",""operator"":"">="",""source_text"":""at least 300000 but fewer than 750000 devices"",""unit"":""devices"",""value"":300000}],""control_attempts"":[],""extraction_notes"":[],""original_text"":""Configure mMTC to support at least 300000 but fewer than 750000 devices."",""requirements"":[],""service_type"":""mMTC""}",True,active analyzer completed; R2 behavior protected by registered 25-case differential baseline; no artificial constraint-count gate
E3V3-DEV-055,DEV-R2,compatible_same_field,Deploy eMBB with bandwidth above 500 Mbps and at most 1000 Mbps.,eMBB,2,0,0,"[{""field"":""bandwidth_mbps"",""operator"":"">"",""source_text"":""bandwidth above 500 Mbps"",""unit"":""Mbps"",""value"":500.0},{""field"":""bandwidth_mbps"",""operator"":""<="",""source_text"":""bandwidth above 500 Mbps and at most 1000 Mbps"",""unit"":""Mbps"",""value"":1000.0}]",[],[],"{""constraints"":[{""field"":""bandwidth_mbps"",""operator"":"">"",""source_text"":""bandwidth above 500 Mbps"",""unit"":""Mbps"",""value"":500.0},{""field"":""bandwidth_mbps"",""operator"":""<="",""source_text"":""bandwidth above 500 Mbps and at most 1000 Mbps"",""unit"":""Mbps"",""value"":1000.0}],""control_attempts"":[],""extraction_notes"":[],""original_text"":""Deploy eMBB with bandwidth above 500 Mbps and at most 1000 Mbps."",""requirements"":[],""service_type"":""eMBB""}",True,active analyzer completed; R2 behavior protected by registered 25-case differential baseline; no artificial constraint-count gate
