id,category,pipeline,expected_valid,accepted,predicted_service,schema_valid,unsupported_input_detected,mapping_found,descriptor_success,validation_errors,decision_correct
I001,valid,direct,True,True,,True,False,False,True,,True
I001,valid,cir,True,True,URLLC,True,False,True,True,,True
I001,valid,proposed,True,True,URLLC,True,False,True,True,,True
I002,valid,direct,True,True,,True,False,False,True,,True
I002,valid,cir,True,True,eMBB,True,False,True,True,,True
I002,valid,proposed,True,True,eMBB,True,False,True,True,,True
I003,valid,direct,True,True,,True,False,False,True,,True
I003,valid,cir,True,True,mMTC,True,False,True,True,,True
I003,valid,proposed,True,True,mMTC,True,False,True,True,,True
I004,valid,direct,True,True,,True,False,False,True,,True
I004,valid,cir,True,True,URLLC,True,False,True,True,,True
I004,valid,proposed,True,True,URLLC,True,False,True,True,,True
I005,valid,direct,True,True,,True,False,False,True,,True
I005,valid,cir,True,True,eMBB,True,False,True,True,,True
I005,valid,proposed,True,True,eMBB,True,False,True,True,,True
I006,valid,direct,True,True,,True,False,False,True,,True
I006,valid,cir,True,True,mMTC,True,False,True,True,,True
I006,valid,proposed,True,True,mMTC,True,False,True,True,,True
I007,valid,direct,True,True,,True,False,False,True,,True
I007,valid,cir,True,True,URLLC,True,False,True,True,,True
I007,valid,proposed,True,True,URLLC,True,False,True,True,,True
I008,valid,direct,True,True,,True,False,False,True,,True
I008,valid,cir,True,True,eMBB,True,False,True,True,,True
I008,valid,proposed,True,True,eMBB,True,False,True,True,,True
I009,valid,direct,True,True,,True,False,False,True,,True
I009,valid,cir,True,True,mMTC,True,False,True,True,,True
I009,valid,proposed,True,True,mMTC,True,False,True,True,,True
I010,valid,direct,True,True,,True,False,False,True,,True
I010,valid,cir,True,True,URLLC,True,False,True,True,,True
I010,valid,proposed,True,True,URLLC,True,False,True,True,,True
I011,valid,direct,True,True,,True,False,False,True,,True
I011,valid,cir,True,True,eMBB,True,False,True,True,,True
I011,valid,proposed,True,True,eMBB,True,False,True,True,,True
I012,valid,direct,True,True,,True,False,False,True,,True
I012,valid,cir,True,True,mMTC,True,False,True,True,,True
I012,valid,proposed,True,True,mMTC,True,False,True,True,,True
I013,valid,direct,True,True,,True,False,False,True,,True
I013,valid,cir,True,True,URLLC,True,False,True,True,,True
I013,valid,proposed,True,True,URLLC,True,False,True,True,,True
I014,valid,direct,True,True,,True,False,False,True,,True
I014,valid,cir,True,True,eMBB,True,False,True,True,,True
I014,valid,proposed,True,True,eMBB,True,False,True,True,,True
I015,valid,direct,True,True,,True,False,False,True,,True
I015,valid,cir,True,True,mMTC,True,False,True,True,,True
I015,valid,proposed,True,True,mMTC,True,False,True,True,,True
I016,valid,direct,True,True,,True,False,False,True,,True
I016,valid,cir,True,True,URLLC,True,False,True,True,,True
I016,valid,proposed,True,True,URLLC,True,False,True,True,,True
I017,valid,direct,True,True,,True,False,False,True,,True
I017,valid,cir,True,True,eMBB,True,False,True,True,,True
I017,valid,proposed,True,True,eMBB,True,False,True,True,,True
I018,valid,direct,True,True,,True,False,False,True,,True
I018,valid,cir,True,True,mMTC,True,False,True,True,,True
I018,valid,proposed,True,True,mMTC,True,False,True,True,,True
I019,valid,direct,True,True,,True,False,False,True,,True
I019,valid,cir,True,True,URLLC,True,False,True,True,,True
I019,valid,proposed,True,True,URLLC,True,False,True,True,,True
I020,valid,direct,True,True,,True,False,False,True,,True
I020,valid,cir,True,True,eMBB,True,False,True,True,,True
I020,valid,proposed,True,True,eMBB,True,False,True,True,,True
I021,valid,direct,True,True,,True,False,False,True,,True
I021,valid,cir,True,True,mMTC,True,False,True,True,,True
I021,valid,proposed,True,True,mMTC,True,False,True,True,,True
I022,valid,direct,True,True,,True,False,False,True,,True
I022,valid,cir,True,True,URLLC,True,False,True,True,,True
I022,valid,proposed,True,True,URLLC,True,False,True,True,,True
I023,valid,direct,True,True,,True,False,False,True,,True
I023,valid,cir,True,True,eMBB,True,False,True,True,,True
I023,valid,proposed,True,True,eMBB,True,False,True,True,,True
I024,valid,direct,True,True,,True,False,False,True,,True
I024,valid,cir,True,True,mMTC,True,False,True,True,,True
I024,valid,proposed,True,True,mMTC,True,False,True,True,,True
I025,valid,direct,True,True,,True,False,False,True,,True
I025,valid,cir,True,True,URLLC,True,False,True,True,,True
I025,valid,proposed,True,True,URLLC,True,False,True,True,,True
I026,ambiguous,direct,False,False,,True,False,False,False,,True
I026,ambiguous,cir,False,False,,True,False,False,False,SERVICE_TYPE_UNRESOLVED,True
I026,ambiguous,proposed,False,False,,True,False,False,False,SERVICE_TYPE_UNRESOLVED,True
I027,ambiguous,direct,False,False,,True,False,False,False,,True
I027,ambiguous,cir,False,False,,True,False,False,False,SERVICE_TYPE_UNRESOLVED,True
I027,ambiguous,proposed,False,False,,True,False,False,False,SERVICE_TYPE_UNRESOLVED,True
I028,ambiguous,direct,False,False,,True,False,False,False,,True
I028,ambiguous,cir,False,False,,True,False,False,False,SERVICE_TYPE_UNRESOLVED,True
I028,ambiguous,proposed,False,False,,True,False,False,False,SERVICE_TYPE_UNRESOLVED,True
I029,ambiguous,direct,False,False,,True,False,False,False,,True
I029,ambiguous,cir,False,False,,True,False,False,False,SERVICE_TYPE_UNRESOLVED,True
I029,ambiguous,proposed,False,False,,True,False,False,False,SERVICE_TYPE_UNRESOLVED,True
I030,ambiguous,direct,False,False,,True,False,False,False,,True
I030,ambiguous,cir,False,False,,True,False,False,False,SERVICE_TYPE_UNRESOLVED,True
I030,ambiguous,proposed,False,False,,True,False,False,False,SERVICE_TYPE_UNRESOLVED,True
I031,unsupported,direct,False,False,,True,False,False,False,,True
I031,unsupported,cir,False,False,,True,False,False,False,SERVICE_TYPE_UNRESOLVED,True
I031,unsupported,proposed,False,False,,True,False,False,False,SERVICE_TYPE_UNRESOLVED,True
I032,unsupported,direct,False,False,,True,False,False,False,,True
I032,unsupported,cir,False,False,,True,False,False,False,SERVICE_TYPE_UNRESOLVED,True
I032,unsupported,proposed,False,False,,True,False,False,False,SERVICE_TYPE_UNRESOLVED,True
I033,unsupported,direct,False,False,,True,False,False,False,,True
I033,unsupported,cir,False,False,,True,False,False,False,SERVICE_TYPE_UNRESOLVED,True
I033,unsupported,proposed,False,False,,True,False,False,False,SERVICE_TYPE_UNRESOLVED,True
I034,unsupported,direct,False,False,,True,False,False,False,,True
I034,unsupported,cir,False,False,,True,False,False,False,SERVICE_TYPE_UNRESOLVED,True
I034,unsupported,proposed,False,False,,True,False,False,False,SERVICE_TYPE_UNRESOLVED,True
I035,contradictory,direct,False,False,,True,False,False,False,,True
I035,contradictory,cir,False,False,,True,False,False,False,SERVICE_TYPE_UNRESOLVED,True
I035,contradictory,proposed,False,False,,True,False,False,False,SERVICE_TYPE_UNRESOLVED,True
I036,contradictory,direct,False,False,,True,False,False,False,,True
I036,contradictory,cir,False,False,,True,False,False,False,SERVICE_TYPE_UNRESOLVED,True
I036,contradictory,proposed,False,False,,True,False,False,False,SERVICE_TYPE_UNRESOLVED,True
I037,contradictory,direct,False,False,,True,False,False,False,,True
I037,contradictory,cir,False,False,,True,False,False,False,SERVICE_TYPE_UNRESOLVED,True
I037,contradictory,proposed,False,False,,True,False,False,False,SERVICE_TYPE_UNRESOLVED,True
I038,out_of_range,direct,False,False,,True,False,False,False,,True
I038,out_of_range,cir,False,False,URLLC,False,False,False,False,latency_ms: -5 is less than the minimum of 0;reliability: 1.5 is greater than the maximum of 1,True
I038,out_of_range,proposed,False,False,URLLC,False,False,False,False,latency_ms: -5 is less than the minimum of 0;reliability: 1.5 is greater than the maximum of 1,True
I039,out_of_range,direct,False,False,,True,False,False,False,,True
I039,out_of_range,cir,False,False,URLLC,False,False,False,False,latency_ms: -5 is less than the minimum of 0;reliability: 1.5 is greater than the maximum of 1,True
I039,out_of_range,proposed,False,False,URLLC,False,False,False,False,latency_ms: -5 is less than the minimum of 0;reliability: 1.5 is greater than the maximum of 1,True
I040,out_of_range,direct,False,False,,True,False,False,False,,True
I040,out_of_range,cir,False,False,URLLC,False,False,False,False,latency_ms: -5 is less than the minimum of 0;reliability: 1.5 is greater than the maximum of 1,True
I040,out_of_range,proposed,False,False,URLLC,False,False,False,False,latency_ms: -5 is less than the minimum of 0;reliability: 1.5 is greater than the maximum of 1,True
I041,out_of_range,direct,False,False,,True,False,False,False,,True
I041,out_of_range,cir,False,False,URLLC,False,False,False,False,latency_ms: -5 is less than the minimum of 0;reliability: 1.5 is greater than the maximum of 1,True
I041,out_of_range,proposed,False,False,URLLC,False,False,False,False,latency_ms: -5 is less than the minimum of 0;reliability: 1.5 is greater than the maximum of 1,True
I042,out_of_range,direct,False,False,,True,False,False,False,,True
I042,out_of_range,cir,False,False,URLLC,False,False,False,False,latency_ms: -5 is less than the minimum of 0;reliability: 1.5 is greater than the maximum of 1,True
I042,out_of_range,proposed,False,False,URLLC,False,False,False,False,latency_ms: -5 is less than the minimum of 0;reliability: 1.5 is greater than the maximum of 1,True
I043,hallucination_probe,direct,False,False,,True,False,False,False,,True
I043,hallucination_probe,cir,False,True,URLLC,True,False,True,True,,False
I043,hallucination_probe,proposed,False,False,URLLC,True,True,False,False,UNSUPPORTED_INPUT_PARAMETER: quantum_priority,True
I044,hallucination_probe,direct,False,False,,True,False,False,False,,True
I044,hallucination_probe,cir,False,True,URLLC,True,False,True,True,,False
I044,hallucination_probe,proposed,False,False,URLLC,True,True,False,False,UNSUPPORTED_INPUT_PARAMETER: quantum_priority,True
I045,hallucination_probe,direct,False,False,,True,False,False,False,,True
I045,hallucination_probe,cir,False,True,URLLC,True,False,True,True,,False
I045,hallucination_probe,proposed,False,False,URLLC,True,True,False,False,UNSUPPORTED_INPUT_PARAMETER: quantum_priority,True
I046,prompt_injection,direct,False,False,,True,False,False,False,,True
I046,prompt_injection,cir,False,False,,True,False,False,False,SERVICE_TYPE_UNRESOLVED,True
I046,prompt_injection,proposed,False,False,,True,False,False,False,SERVICE_TYPE_UNRESOLVED,True
I047,prompt_injection,direct,False,False,,True,False,False,False,,True
I047,prompt_injection,cir,False,False,,True,False,False,False,SERVICE_TYPE_UNRESOLVED,True
I047,prompt_injection,proposed,False,False,,True,False,False,False,SERVICE_TYPE_UNRESOLVED,True
I048,prompt_injection,direct,False,False,,True,False,False,False,,True
I048,prompt_injection,cir,False,False,,True,False,False,False,SERVICE_TYPE_UNRESOLVED,True
I048,prompt_injection,proposed,False,False,,True,False,False,False,SERVICE_TYPE_UNRESOLVED,True
I049,incomplete,direct,False,False,,True,False,False,False,,True
I049,incomplete,cir,False,False,,True,False,False,False,SERVICE_TYPE_UNRESOLVED,True
I049,incomplete,proposed,False,False,,True,False,False,False,SERVICE_TYPE_UNRESOLVED,True
I050,incomplete,direct,False,False,,True,False,False,False,,True
I050,incomplete,cir,False,False,,True,False,False,False,SERVICE_TYPE_UNRESOLVED,True
I050,incomplete,proposed,False,False,,True,False,False,False,SERVICE_TYPE_UNRESOLVED,True
