id,proposed_minus_cir,proposed_minus_direct,cir_minus_direct
I001,2584.3648230038525,1957.090681000409,-627.2741420034436
I002,-118.58891199881327,-1025.297516000137,-906.7086040013237
I003,-930.9837410037289,-941.9260130016485,-10.942271997919534
I004,155.13902100065025,-790.3397500012943,-945.4787710019446
I005,8.000484995136503,-1332.5651220002328,-1340.5656069953693
I006,-900.5032189998021,-344.65836900199065,555.8448499978115
I007,-110.34609799753525,-1790.8105110000179,-1680.4644130024826
I008,89.13850699900661,-727.5282770024205,-816.6667840014271
I009,133.58736100053648,-114.61979299929226,-248.20715399982873
I010,44.44295599751047,-1001.2959929990755,-1045.7389489965858
I011,3.1932119964039885,-782.4182830008795,-785.6114949972834
I012,-33.38306899968313,-392.3628939992342,-358.97982499955106
I013,-35.43772900593444,-1246.4353690011199,-1210.9976399951852
I014,114.65310800122097,-836.1205080000218,-950.7736160012428
I015,-56.9571600026394,-908.2717210003469,-851.3145609977075
I016,-695.1434450056695,-2146.0984840014135,-1450.955038995744
I017,74.40783299534803,-1088.700118001725,-1163.1079509970732
I018,84.01820200015197,-726.1452509992523,-810.1634529994043
I019,-19.12877300128457,-230.60606700164476,-211.4772940003602
I020,442.178713998146,-897.8481449994433,-1340.0268589975894
I021,-174.03204800211824,-664.970040001208,-490.9379919990897
I022,382.5963160015817,-48.79250800149748,-431.3888240030792
I023,39.20298500088404,-873.4745040019334,-912.6774890028174
I024,412.8908999991835,-631.8132400010654,-1044.704140000249
I025,-72.33578999876022,-170.4461199988143,-98.11033000005409
I026,54.15906000052928,-356.8487289994664,-411.0077889999957
I027,562.5220969959628,2.870807995350333,-559.6512890006125
I028,2359.997564999503,1837.499533001392,-522.4980319981112
I029,-299.0995110012593,-1074.9973730016793,-775.89786200042
I030,-144.3560189982236,-185.21250099729514,-40.85648199907155
I031,-174.54433999955643,-52.15805099942372,122.3862890001327
I032,219.16197200334886,372.57893400237685,153.416961999028
I033,312.51893100125017,203.84556900171447,-108.6733619995357
I034,66.22745599815983,-41.21367699917744,-107.44113299733726
I035,331.26770200033195,-408.9471010011041,-740.214803001436
I036,235.0228799987235,195.68042999890167,-39.34244999982184
I037,-330.79122800336336,-277.7336100007235,53.057618002639856
I038,58.28386099892657,229.59605200230726,171.3121910033807
I039,-26.316518000385372,88.98085199689376,115.29736999727913
I040,-25.305015999038005,-1476.8138619983802,-1451.5088459993422
I041,39.71972999715945,153.3246799990593,113.60495000189985
I042,-427.25888899803954,-486.22407099901466,-58.96518200097512
I043,-522.6954139980078,-269.1309359979641,253.56447800004366
I044,91.36325399958889,-354.8594330022753,-446.2226870018642
I045,224.14769000170054,-74.1163800012148,-298.26407000291533
I046,-452.4192979988584,375.33706899921526,827.7563669980736
I047,64.57416999910492,155.48403399952815,90.90986400042323
I048,164.48258099990198,-94.37865799918654,-258.8612389990885
I049,-20.138688996667042,-101.37384999688936,-81.23516100022232
I050,-73.71579599566769,-96.10139799769968,-22.385602002031987
