file,sha256,lines,functions,async_functions,classes
reproducibility/e3v2_implementation_v1.0/src/capability_resolver.py,e84dcb1b4e0f2a495c48c72aac3d3963eac51ed7529829378a5b84da3df58d3a,246,load_profile;profile_capabilities;resolve_capability_text;classify_requirement;resolve_source_requirements,,
reproducibility/e3v2_implementation_v1.0/src/constraint_consistency.py,a62a5cdaf917d3d31b28415246014e1728442c0178b96ec5bcec623dd16dfcef,361,to_dict;to_dict;_numeric_value;_validate_numeric_types;_check_field;check_consistency,,ConsistencyError;ConsistencyResult
reproducibility/e3v2_implementation_v1.0/src/e3v2_guard.py,b01a665e8d295d4d36218668a1f84f64cf29226b76edb84789e2249d1ed5dd55,151,to_dict;evaluate_guard,,GuardResult
reproducibility/e3v2_implementation_v1.0/src/preservation_check.py,b580ebfbef3736b10a2bcdcdc810b08a6afd1c99cfe4618b77770564f5d777d3,283,to_dict;to_dict;_get_cir_value;_to_float;_value_satisfies_constraint;check_preservation,,PreservationError;PreservationResult
reproducibility/e3v2_implementation_v1.0/src/source_analyzer.py,05208f192c402a09a24a9db239aeb3a03e2e99f82c586f747dcac970df09970d,464,_normalize_operator;_extract_service;_add_matches;analyze_source;bandwidth_transform;reliability_transform,,
reproducibility/e3v2_implementation_v1.0/src/source_gate.py,764f9fd188a4b05a78afd4db6c23f92666688bffbccad811973d2c21b2feb1af,123,to_dict;to_dict;check_source_gate,,SourceGateError;SourceGateResult
reproducibility/e3v2_implementation_v1.0/src/source_intent.py,de745a90d6fb675bfbf485446ce97dbd9bb8f46f1ea1893a3252c1ed73e3e9d6,183,to_dict;to_dict;add_constraint;add_requirement;add_control_attempt;constraints_for;to_dict,,SourceConstraint;SourceRequirement;SourceIntent
reproducibility/experiment2b_execution_v1.0/run_experiment2b_v1.py,08f67ab2261f37137f2f9b4d295833886be50298767678f4896f908405851042,860,json_text;obj_dict;field;bool_field;error_codes;parse_llm_result;call_cir;safe_map_and_compile;run_e3_original;run_e3_v2;finalize;run;main,,
src/capability_resolver.py,e84dcb1b4e0f2a495c48c72aac3d3963eac51ed7529829378a5b84da3df58d3a,246,load_profile;profile_capabilities;resolve_capability_text;classify_requirement;resolve_source_requirements,,
src/constraint_consistency.py,a62a5cdaf917d3d31b28415246014e1728442c0178b96ec5bcec623dd16dfcef,361,to_dict;to_dict;_numeric_value;_validate_numeric_types;_check_field;check_consistency,,ConsistencyError;ConsistencyResult
src/e3v2_guard.py,b01a665e8d295d4d36218668a1f84f64cf29226b76edb84789e2249d1ed5dd55,151,to_dict;evaluate_guard,,GuardResult
src/preservation_check.py,b580ebfbef3736b10a2bcdcdc810b08a6afd1c99cfe4618b77770564f5d777d3,283,to_dict;to_dict;_get_cir_value;_to_float;_value_satisfies_constraint;check_preservation,,PreservationError;PreservationResult
src/run_experiment2b.py,08f67ab2261f37137f2f9b4d295833886be50298767678f4896f908405851042,860,json_text;obj_dict;field;bool_field;error_codes;parse_llm_result;call_cir;safe_map_and_compile;run_e3_original;run_e3_v2;finalize;run;main,,
src/source_analyzer.py,05208f192c402a09a24a9db239aeb3a03e2e99f82c586f747dcac970df09970d,464,_normalize_operator;_extract_service;_add_matches;analyze_source;bandwidth_transform;reliability_transform,,
src/source_gate.py,764f9fd188a4b05a78afd4db6c23f92666688bffbccad811973d2c21b2feb1af,123,to_dict;to_dict;check_source_gate,,SourceGateError;SourceGateResult
src/source_intent.py,de745a90d6fb675bfbf485446ce97dbd9bb8f46f1ea1893a3252c1ed73e3e9d6,183,to_dict;to_dict;add_constraint;add_requirement;add_control_attempt;constraints_for;to_dict,,SourceConstraint;SourceRequirement;SourceIntent
