id,subcategory,intent,constraint_count,constraints
E3V3-DEV-056,strict_operator,Provision eMBB with bandwidth below 720 Mbps.,1,"[{""field"": ""bandwidth_mbps"", ""operator"": ""<"", ""value"": 720.0, ""unit"": ""Mbps"", ""source_text"": ""bandwidth below 720 Mbps""}]"
E3V3-DEV-057,strict_operator,Create eMBB with bandwidth above 280 Mbps.,1,"[{""field"": ""bandwidth_mbps"", ""operator"": "">"", ""value"": 280.0, ""unit"": ""Mbps"", ""source_text"": ""bandwidth above 280 Mbps""}]"
E3V3-DEV-058,strict_operator,Configure URLLC with latency below 9 ms.,1,"[{""field"": ""latency_ms"", ""operator"": ""<"", ""value"": 9.0, ""unit"": ""ms"", ""source_text"": ""latency below 9 ms""}]"
E3V3-DEV-059,strict_operator,Deploy URLLC with latency above 2 ms.,1,"[{""field"": ""latency_ms"", ""operator"": "">"", ""value"": 2.0, ""unit"": ""ms"", ""source_text"": ""latency above 2 ms""}]"
E3V3-DEV-060,strict_operator,Provision mMTC for fewer than 650000 devices.,1,"[{""field"": ""device_count"", ""operator"": ""<"", ""value"": 650000, ""unit"": ""devices"", ""source_text"": ""fewer than 650000 devices""}]"
E3V3-DEV-061,strict_operator,Create mMTC for more than 180000 devices.,1,"[{""field"": ""device_count"", ""operator"": "">"", ""value"": 180000, ""unit"": ""devices"", ""source_text"": ""more than 180000 devices""}]"
E3V3-DEV-062,strict_operator,Deploy eMBB requiring throughput under 850 Mbps.,1,"[{""field"": ""bandwidth_mbps"", ""operator"": ""<"", ""value"": 850.0, ""unit"": ""Mbps"", ""source_text"": ""throughput under 850 Mbps""}]"
E3V3-DEV-063,strict_operator,Configure URLLC requiring latency greater than 1 ms.,1,"[{""field"": ""latency_ms"", ""operator"": "">"", ""value"": 1.0, ""unit"": ""ms"", ""source_text"": ""latency greater than 1 ms""}]"
E3V3-DEV-064,inclusive_operator,Provision eMBB with bandwidth at most 720 Mbps.,1,"[{""field"": ""bandwidth_mbps"", ""operator"": ""<="", ""value"": 720.0, ""unit"": ""Mbps"", ""source_text"": ""bandwidth at most 720 Mbps""}]"
E3V3-DEV-065,inclusive_operator,Create eMBB with bandwidth at least 280 Mbps.,1,"[{""field"": ""bandwidth_mbps"", ""operator"": "">="", ""value"": 280.0, ""unit"": ""Mbps"", ""source_text"": ""bandwidth at least 280 Mbps""}]"
E3V3-DEV-066,inclusive_operator,Configure URLLC with latency at most 9 ms.,1,"[{""field"": ""latency_ms"", ""operator"": ""<="", ""value"": 9.0, ""unit"": ""ms"", ""source_text"": ""latency at most 9 ms""}]"
E3V3-DEV-067,inclusive_operator,Deploy URLLC with latency at least 2 ms.,1,"[{""field"": ""latency_ms"", ""operator"": "">="", ""value"": 2.0, ""unit"": ""ms"", ""source_text"": ""latency at least 2 ms""}]"
E3V3-DEV-068,inclusive_operator,Provision mMTC for no more than 650000 devices.,1,"[{""field"": ""device_count"", ""operator"": ""<="", ""value"": 650000, ""unit"": ""devices"", ""source_text"": ""no more than 650000 devices""}]"
E3V3-DEV-069,inclusive_operator,Create mMTC for no fewer than 180000 devices.,1,"[{""field"": ""device_count"", ""operator"": ""<"", ""value"": 180000, ""unit"": ""devices"", ""source_text"": ""fewer than 180000 devices""}]"
E3V3-DEV-070,inclusive_operator,Deploy eMBB requiring bandwidth no greater than 850 Mbps.,1,"[{""field"": ""bandwidth_mbps"", ""operator"": ""<="", ""value"": 850.0, ""unit"": ""Mbps"", ""source_text"": ""bandwidth no greater than 850 Mbps""}]"
E3V3-DEV-071,inclusive_operator,Configure URLLC requiring latency no less than 1 ms.,1,"[{""field"": ""latency_ms"", ""operator"": "">="", ""value"": 1.0, ""unit"": ""ms"", ""source_text"": ""latency no less than 1 ms""}]"
E3V3-DEV-072,exact_operator,Provision eMBB with bandwidth exactly 640 Mbps.,1,"[{""field"": ""bandwidth_mbps"", ""operator"": ""="", ""value"": 640.0, ""unit"": ""Mbps"", ""source_text"": ""bandwidth exactly 640 Mbps""}]"
E3V3-DEV-073,exact_operator,"For URLLC operation, fix the one-way latency target at precisely 4 milliseconds.",0,[]
E3V3-DEV-074,exact_operator,Create mMTC service for exactly 350000 devices.,1,"[{""field"": ""device_count"", ""operator"": ""="", ""value"": 350000, ""unit"": ""devices"", ""source_text"": ""exactly 350000 devices""}]"
E3V3-DEV-075,exact_operator,Deploy eMBB with bandwidth fixed at 550 Mbps.,1,"[{""field"": ""bandwidth_mbps"", ""operator"": ""="", ""value"": 550.0, ""unit"": ""Mbps"", ""source_text"": ""bandwidth fixed at 550 Mbps""}]"
