id,family_id,constraints_identical,controls_identical,identical
E3V3-DEV-001,DEV-R1,True,True,True
E3V3-DEV-002,DEV-R1,True,True,True
E3V3-DEV-003,DEV-R1,True,True,True
E3V3-DEV-004,DEV-R1,True,True,True
E3V3-DEV-005,DEV-R1,True,True,True
E3V3-DEV-006,DEV-R1,True,True,True
E3V3-DEV-007,DEV-R1,True,True,True
E3V3-DEV-008,DEV-R1,True,True,True
E3V3-DEV-009,DEV-R1,True,True,True
E3V3-DEV-010,DEV-R1,True,True,True
E3V3-DEV-011,DEV-R1,True,True,True
E3V3-DEV-012,DEV-R1,True,True,True
E3V3-DEV-013,DEV-R1,True,True,True
E3V3-DEV-014,DEV-R1,True,True,True
E3V3-DEV-015,DEV-R1,True,True,True
E3V3-DEV-016,DEV-R1,True,True,True
E3V3-DEV-017,DEV-R1,True,True,True
E3V3-DEV-018,DEV-R1,True,True,True
E3V3-DEV-019,DEV-R1,True,True,True
E3V3-DEV-020,DEV-R1,True,True,True
E3V3-DEV-021,DEV-R1,True,True,True
E3V3-DEV-022,DEV-R1,True,True,True
E3V3-DEV-023,DEV-R1,True,True,True
E3V3-DEV-024,DEV-R1,True,True,True
E3V3-DEV-025,DEV-R1,True,True,True
E3V3-DEV-026,DEV-R1,True,True,True
E3V3-DEV-027,DEV-R1,True,True,True
E3V3-DEV-028,DEV-R1,True,True,True
E3V3-DEV-029,DEV-R1,True,True,True
E3V3-DEV-030,DEV-R1,True,True,True
E3V3-DEV-031,DEV-R2,True,True,True
E3V3-DEV-032,DEV-R2,True,True,True
E3V3-DEV-033,DEV-R2,True,True,True
E3V3-DEV-034,DEV-R2,True,True,True
E3V3-DEV-035,DEV-R2,True,True,True
E3V3-DEV-036,DEV-R2,True,True,True
E3V3-DEV-037,DEV-R2,True,True,True
E3V3-DEV-038,DEV-R2,True,True,True
E3V3-DEV-039,DEV-R2,True,True,True
E3V3-DEV-040,DEV-R2,True,True,True
E3V3-DEV-041,DEV-R2,True,True,True
E3V3-DEV-042,DEV-R2,True,True,True
E3V3-DEV-043,DEV-R2,True,True,True
E3V3-DEV-044,DEV-R2,True,True,True
E3V3-DEV-045,DEV-R2,True,True,True
E3V3-DEV-046,DEV-R2,True,True,True
E3V3-DEV-047,DEV-R2,True,True,True
E3V3-DEV-048,DEV-R2,True,True,True
E3V3-DEV-049,DEV-R2,True,True,True
E3V3-DEV-050,DEV-R2,True,True,True
E3V3-DEV-051,DEV-R2,True,True,True
E3V3-DEV-052,DEV-R2,True,True,True
E3V3-DEV-053,DEV-R2,True,True,True
E3V3-DEV-054,DEV-R2,True,True,True
E3V3-DEV-055,DEV-R2,True,True,True
