id,subcategory,valid,error_codes,threshold_cir
E3V3-DEV-056,strict_operator,True,[],"{""service_type"": ""eMBB"", ""bandwidth_mbps"": 720.0}"
E3V3-DEV-057,strict_operator,True,[],"{""service_type"": ""eMBB"", ""bandwidth_mbps"": 280.0}"
E3V3-DEV-058,strict_operator,True,[],"{""service_type"": ""URLLC"", ""latency_ms"": 9.0}"
E3V3-DEV-059,strict_operator,True,[],"{""service_type"": ""URLLC"", ""latency_ms"": 2.0}"
E3V3-DEV-060,strict_operator,True,[],"{""service_type"": ""mMTC"", ""device_count"": 650000}"
E3V3-DEV-061,strict_operator,True,[],"{""service_type"": ""mMTC"", ""device_count"": 180000}"
E3V3-DEV-062,strict_operator,True,[],"{""service_type"": ""eMBB"", ""bandwidth_mbps"": 850.0}"
E3V3-DEV-063,strict_operator,True,[],"{""service_type"": ""URLLC"", ""latency_ms"": 1.0}"
E3V3-DEV-064,inclusive_operator,True,[],"{""service_type"": ""eMBB"", ""bandwidth_mbps"": 720.0}"
E3V3-DEV-065,inclusive_operator,True,[],"{""service_type"": ""eMBB"", ""bandwidth_mbps"": 280.0}"
E3V3-DEV-066,inclusive_operator,True,[],"{""service_type"": ""URLLC"", ""latency_ms"": 9.0}"
E3V3-DEV-067,inclusive_operator,True,[],"{""service_type"": ""URLLC"", ""latency_ms"": 2.0}"
E3V3-DEV-068,inclusive_operator,True,[],"{""service_type"": ""mMTC"", ""device_count"": 650000}"
E3V3-DEV-069,inclusive_operator,True,[],"{""service_type"": ""mMTC"", ""device_count"": 180000.0}"
E3V3-DEV-070,inclusive_operator,True,[],"{""service_type"": ""eMBB"", ""bandwidth_mbps"": 850.0}"
E3V3-DEV-071,inclusive_operator,True,[],"{""service_type"": ""URLLC"", ""latency_ms"": 1.0}"
E3V3-DEV-072,exact_operator,True,[],"{""service_type"": ""eMBB"", ""bandwidth_mbps"": 640.0}"
E3V3-DEV-073,exact_operator,True,[],"{""service_type"": ""URLLC"", ""latency_ms"": 4.0}"
E3V3-DEV-074,exact_operator,True,[],"{""service_type"": ""mMTC"", ""device_count"": 350000}"
E3V3-DEV-075,exact_operator,True,[],"{""service_type"": ""eMBB"", ""bandwidth_mbps"": 550.0}"
