category,subcategory,pipeline,n,rejected,rejection_rate
invalid_ambiguous,ambiguous_service,cir,12,12,1.0
invalid_ambiguous,ambiguous_service,direct,12,11,0.9166666666666666
invalid_ambiguous,ambiguous_service,proposed,12,12,1.0
invalid_compound_mixed,valid_plus_invalid_requirement,cir,10,3,0.3
invalid_compound_mixed,valid_plus_invalid_requirement,direct,10,10,1.0
invalid_compound_mixed,valid_plus_invalid_requirement,proposed,10,3,0.3
invalid_contradictory,conflicting_constraints,cir,12,1,0.08333333333333333
invalid_contradictory,conflicting_constraints,direct,12,12,1.0
invalid_contradictory,conflicting_constraints,proposed,12,1,0.08333333333333333
invalid_explicit_unsupported_parameter,unknown_name_value_parameter,cir,12,0,0.0
invalid_explicit_unsupported_parameter,unknown_name_value_parameter,direct,12,12,1.0
invalid_explicit_unsupported_parameter,unknown_name_value_parameter,proposed,12,12,1.0
invalid_implicit_unsupported_parameter,unsupported_natural_language_parameter,cir,12,0,0.0
invalid_implicit_unsupported_parameter,unsupported_natural_language_parameter,direct,12,12,1.0
invalid_implicit_unsupported_parameter,unsupported_natural_language_parameter,proposed,12,0,0.0
invalid_incomplete,missing_service_context,cir,8,8,1.0
invalid_incomplete,missing_service_context,direct,8,8,1.0
invalid_incomplete,missing_service_context,proposed,8,8,1.0
invalid_out_of_range,numeric_domain_violation,cir,12,11,0.9166666666666666
invalid_out_of_range,numeric_domain_violation,direct,12,12,1.0
invalid_out_of_range,numeric_domain_violation,proposed,12,12,1.0
invalid_prompt_adversarial,instruction_manipulation,cir,10,8,0.8
invalid_prompt_adversarial,instruction_manipulation,direct,10,10,1.0
invalid_prompt_adversarial,instruction_manipulation,proposed,10,8,0.8
invalid_unsupported_concept,unsupported_semantic_concept,cir,12,12,1.0
invalid_unsupported_concept,unsupported_semantic_concept,direct,12,12,1.0
invalid_unsupported_concept,unsupported_semantic_concept,proposed,12,12,1.0
