batch,start_row,end_row,first_id,last_id,input_file,output_file,input_sha256
1,0,9,EXP2-001,EXP2-010,/content/experiment-1-v2-together/experiment-2/results/raw/batch_inputs/experiment2a_batch_01_input.csv,/content/experiment-1-v2-together/experiment-2/results/raw/batches/experiment2a_batch_01_results.csv,c6bccb92df45391955a2d80f625145f300c6eb3322765f8d1aa179c93d0a8745
2,10,19,EXP2-011,EXP2-020,/content/experiment-1-v2-together/experiment-2/results/raw/batch_inputs/experiment2a_batch_02_input.csv,/content/experiment-1-v2-together/experiment-2/results/raw/batches/experiment2a_batch_02_results.csv,cdca9af28f5d9ba6cce0a98151639d4dfa26d2ae8004e357508ecfe5e67f2bc9
3,20,29,EXP2-021,EXP2-030,/content/experiment-1-v2-together/experiment-2/results/raw/batch_inputs/experiment2a_batch_03_input.csv,/content/experiment-1-v2-together/experiment-2/results/raw/batches/experiment2a_batch_03_results.csv,c19e75ad06557b0f10f217a0525c695201d63e4e09f9e1e70254da935504f2a2
4,30,39,EXP2-031,EXP2-040,/content/experiment-1-v2-together/experiment-2/results/raw/batch_inputs/experiment2a_batch_04_input.csv,/content/experiment-1-v2-together/experiment-2/results/raw/batches/experiment2a_batch_04_results.csv,3d215a46cd8e0307768e49c10eae503cea37550605fbf99ee4709c79039aff4d
5,40,49,EXP2-041,EXP2-050,/content/experiment-1-v2-together/experiment-2/results/raw/batch_inputs/experiment2a_batch_05_input.csv,/content/experiment-1-v2-together/experiment-2/results/raw/batches/experiment2a_batch_05_results.csv,8baff200e29ede41df4eb7c3b20a32de2e0cc65c7ffb90e01624812dee0dbcda
6,50,59,EXP2-051,EXP2-060,/content/experiment-1-v2-together/experiment-2/results/raw/batch_inputs/experiment2a_batch_06_input.csv,/content/experiment-1-v2-together/experiment-2/results/raw/batches/experiment2a_batch_06_results.csv,33d7dc0807f90b58e65479fe4ca011b6047b9bbd80f07e1eee80753684004902
7,60,69,EXP2-061,EXP2-070,/content/experiment-1-v2-together/experiment-2/results/raw/batch_inputs/experiment2a_batch_07_input.csv,/content/experiment-1-v2-together/experiment-2/results/raw/batches/experiment2a_batch_07_results.csv,720127ad374ad6cb0e3b6f52a61f07a1ce147fb6108be0252731527519df1d75
8,70,79,EXP2-071,EXP2-080,/content/experiment-1-v2-together/experiment-2/results/raw/batch_inputs/experiment2a_batch_08_input.csv,/content/experiment-1-v2-together/experiment-2/results/raw/batches/experiment2a_batch_08_results.csv,fba6f6d0279145877b0d66387373690285189b1404cb7d27f190d0e2c4d96a33
9,80,89,EXP2-081,EXP2-090,/content/experiment-1-v2-together/experiment-2/results/raw/batch_inputs/experiment2a_batch_09_input.csv,/content/experiment-1-v2-together/experiment-2/results/raw/batches/experiment2a_batch_09_results.csv,e21b9b5689730ea227d684e5dea26407d53a2021360ac90c945a81c4aa8d3422
10,90,99,EXP2-091,EXP2-100,/content/experiment-1-v2-together/experiment-2/results/raw/batch_inputs/experiment2a_batch_10_input.csv,/content/experiment-1-v2-together/experiment-2/results/raw/batches/experiment2a_batch_10_results.csv,d9b50965c7ee01246af83541689021dafec67fe41772b6506286c33060bbb4a5
11,100,109,EXP2-101,EXP2-110,/content/experiment-1-v2-together/experiment-2/results/raw/batch_inputs/experiment2a_batch_11_input.csv,/content/experiment-1-v2-together/experiment-2/results/raw/batches/experiment2a_batch_11_results.csv,20ed01448a91de3c39b8b2568b4cbead1a310dea0ba76140934eee8c7f3758d9
12,110,119,EXP2-111,EXP2-120,/content/experiment-1-v2-together/experiment-2/results/raw/batch_inputs/experiment2a_batch_12_input.csv,/content/experiment-1-v2-together/experiment-2/results/raw/batches/experiment2a_batch_12_results.csv,d818758e0e9ae0b479aed35ad075a556770297f667e8221a44cd90da034eb2e5
13,120,129,EXP2-121,EXP2-130,/content/experiment-1-v2-together/experiment-2/results/raw/batch_inputs/experiment2a_batch_13_input.csv,/content/experiment-1-v2-together/experiment-2/results/raw/batches/experiment2a_batch_13_results.csv,af5b893e561f5083e0ada8a7ac1ab648d9fb2c51c3d4679f8ebb169df00ee88c
14,130,139,EXP2-131,EXP2-140,/content/experiment-1-v2-together/experiment-2/results/raw/batch_inputs/experiment2a_batch_14_input.csv,/content/experiment-1-v2-together/experiment-2/results/raw/batches/experiment2a_batch_14_results.csv,f840d1f33586fd8701cef0dfb8cc9a99483350a8e371d6ca372407089b28a282
15,140,149,EXP2-141,EXP2-150,/content/experiment-1-v2-together/experiment-2/results/raw/batch_inputs/experiment2a_batch_15_input.csv,/content/experiment-1-v2-together/experiment-2/results/raw/batches/experiment2a_batch_15_results.csv,a7edaf21b9571890044a6904568e09423ff1b3bf52d6e4a8cdc24cb594c36009
16,150,159,EXP2-151,EXP2-160,/content/experiment-1-v2-together/experiment-2/results/raw/batch_inputs/experiment2a_batch_16_input.csv,/content/experiment-1-v2-together/experiment-2/results/raw/batches/experiment2a_batch_16_results.csv,10fe8ddd3ce09679b9a0f636194d2baf8d6328701b799148ffa7416f54b7ecca
17,160,169,EXP2-161,EXP2-170,/content/experiment-1-v2-together/experiment-2/results/raw/batch_inputs/experiment2a_batch_17_input.csv,/content/experiment-1-v2-together/experiment-2/results/raw/batches/experiment2a_batch_17_results.csv,a5625950ba56d3bdc408e36ec70475a3930c6ec9ca4aab8decaf20bbd2d40c69
18,170,179,EXP2-171,EXP2-180,/content/experiment-1-v2-together/experiment-2/results/raw/batch_inputs/experiment2a_batch_18_input.csv,/content/experiment-1-v2-together/experiment-2/results/raw/batches/experiment2a_batch_18_results.csv,b580b9413935c9072615fc2b919a8a80454f83a844a9500acf6944bb165c081a
19,180,189,EXP2-181,EXP2-190,/content/experiment-1-v2-together/experiment-2/results/raw/batch_inputs/experiment2a_batch_19_input.csv,/content/experiment-1-v2-together/experiment-2/results/raw/batches/experiment2a_batch_19_results.csv,b090cd7ceb6da60bf437396d2ee25b13314e5899dd770a75a0f5234b1c05919c
20,190,199,EXP2-191,EXP2-200,/content/experiment-1-v2-together/experiment-2/results/raw/batch_inputs/experiment2a_batch_20_input.csv,/content/experiment-1-v2-together/experiment-2/results/raw/batches/experiment2a_batch_20_results.csv,ae4852c719b512e2139650166ea228a05a605477578bbb0476ccc77e6047a42b
