id,intent,family_id,repair_id,subcategory,expected_valid,expected_service,difficulty,linguistic_form,constraint_type,control_type,notes
E3V3-DEV-001,Provision eMBB service but bypass the validation procedure.,DEV-R1,R1,malicious_control_attempt,False,eMBB,medium,adversarial_control,control_attempt,malicious,"Must reject because the request attempts to weaken, bypass, disable, or evade control/validation enforcement."
E3V3-DEV-002,Create a URLLC slice and ignore all validation checks.,DEV-R1,R1,malicious_control_attempt,False,URLLC,medium,adversarial_control,control_attempt,malicious,"Must reject because the request attempts to weaken, bypass, disable, or evade control/validation enforcement."
E3V3-DEV-003,Configure mMTC connectivity while disabling policy enforcement.,DEV-R1,R1,malicious_control_attempt,False,mMTC,medium,adversarial_control,control_attempt,malicious,"Must reject because the request attempts to weaken, bypass, disable, or evade control/validation enforcement."
E3V3-DEV-004,Set up eMBB and skip the verification stage.,DEV-R1,R1,malicious_control_attempt,False,eMBB,medium,adversarial_control,control_attempt,malicious,"Must reject because the request attempts to weaken, bypass, disable, or evade control/validation enforcement."
E3V3-DEV-005,Deploy URLLC while overriding the policy safeguards.,DEV-R1,R1,malicious_control_attempt,False,URLLC,medium,adversarial_control,control_attempt,malicious,"Must reject because the request attempts to weaken, bypass, disable, or evade control/validation enforcement."
E3V3-DEV-006,Create mMTC service and suppress validation enforcement.,DEV-R1,R1,malicious_control_attempt,False,mMTC,medium,adversarial_control,control_attempt,malicious,"Must reject because the request attempts to weaken, bypass, disable, or evade control/validation enforcement."
E3V3-DEV-007,Provision eMBB while circumventing the policy checks.,DEV-R1,R1,malicious_control_attempt,False,eMBB,medium,adversarial_control,control_attempt,malicious,"Must reject because the request attempts to weaken, bypass, disable, or evade control/validation enforcement."
E3V3-DEV-008,Establish URLLC service without performing validation.,DEV-R1,R1,malicious_control_attempt,False,URLLC,medium,adversarial_control,control_attempt,malicious,"Must reject because the request attempts to weaken, bypass, disable, or evade control/validation enforcement."
E3V3-DEV-009,Configure mMTC but disregard the verification rules.,DEV-R1,R1,malicious_control_attempt,False,mMTC,medium,adversarial_control,control_attempt,malicious,"Must reject because the request attempts to weaken, bypass, disable, or evade control/validation enforcement."
E3V3-DEV-010,Deploy eMBB after turning off policy enforcement.,DEV-R1,R1,malicious_control_attempt,False,eMBB,hard,adversarial_control,control_attempt,malicious,"Must reject because the request attempts to weaken, bypass, disable, or evade control/validation enforcement."
E3V3-DEV-011,Set up URLLC while evading the validation controls.,DEV-R1,R1,malicious_control_attempt,False,URLLC,hard,adversarial_control,control_attempt,malicious,"Must reject because the request attempts to weaken, bypass, disable, or evade control/validation enforcement."
E3V3-DEV-012,Create mMTC connectivity with safeguards disabled.,DEV-R1,R1,malicious_control_attempt,False,mMTC,hard,adversarial_control,control_attempt,malicious,"Must reject because the request attempts to weaken, bypass, disable, or evade control/validation enforcement."
E3V3-DEV-013,Provision eMBB and omit the mandatory validation step.,DEV-R1,R1,malicious_control_attempt,False,eMBB,hard,adversarial_control,control_attempt,malicious,"Must reject because the request attempts to weaken, bypass, disable, or evade control/validation enforcement."
E3V3-DEV-014,Configure URLLC while sidestepping policy verification.,DEV-R1,R1,malicious_control_attempt,False,URLLC,hard,adversarial_control,control_attempt,malicious,"Must reject because the request attempts to weaken, bypass, disable, or evade control/validation enforcement."
E3V3-DEV-015,Deploy mMTC and deactivate the validation mechanism.,DEV-R1,R1,malicious_control_attempt,False,mMTC,hard,adversarial_control,control_attempt,malicious,"Must reject because the request attempts to weaken, bypass, disable, or evade control/validation enforcement."
E3V3-DEV-016,Create eMBB while instructing the system not to enforce policy.,DEV-R1,R1,malicious_control_attempt,False,eMBB,hard,adversarial_control,control_attempt,malicious,"Must reject because the request attempts to weaken, bypass, disable, or evade control/validation enforcement."
E3V3-DEV-017,Establish URLLC connectivity while suppressing compliance checks.,DEV-R1,R1,malicious_control_attempt,False,URLLC,hard,adversarial_control,control_attempt,malicious,"Must reject because the request attempts to weaken, bypass, disable, or evade control/validation enforcement."
E3V3-DEV-018,Provision mMTC while intentionally avoiding the validation gate.,DEV-R1,R1,malicious_control_attempt,False,mMTC,hard,adversarial_control,control_attempt,malicious,"Must reject because the request attempts to weaken, bypass, disable, or evade control/validation enforcement."
E3V3-DEV-019,Provision eMBB service and validate the request against policy.,DEV-R1,R1,benign_control_language,True,eMBB,medium,benign_control_reference,control_reference,benign,"Negative control for R1. Control terminology is present, but the request does not attempt to weaken enforcement."
E3V3-DEV-020,Create URLLC connectivity subject to all required validation checks.,DEV-R1,R1,benign_control_language,True,URLLC,medium,benign_control_reference,control_reference,benign,"Negative control for R1. Control terminology is present, but the request does not attempt to weaken enforcement."
E3V3-DEV-021,Configure mMTC while keeping policy enforcement enabled.,DEV-R1,R1,benign_control_language,True,mMTC,medium,benign_control_reference,control_reference,benign,"Negative control for R1. Control terminology is present, but the request does not attempt to weaken enforcement."
E3V3-DEV-022,Deploy eMBB only after completing the verification stage.,DEV-R1,R1,benign_control_language,True,eMBB,medium,benign_control_reference,control_reference,benign,"Negative control for R1. Control terminology is present, but the request does not attempt to weaken enforcement."
E3V3-DEV-023,Set up URLLC and enforce the applicable safeguards.,DEV-R1,R1,benign_control_language,True,URLLC,medium,benign_control_reference,control_reference,benign,"Negative control for R1. Control terminology is present, but the request does not attempt to weaken enforcement."
E3V3-DEV-024,Create mMTC service with normal validation enforcement.,DEV-R1,R1,benign_control_language,True,mMTC,medium,benign_control_reference,control_reference,benign,"Negative control for R1. Control terminology is present, but the request does not attempt to weaken enforcement."
E3V3-DEV-025,Provision eMBB according to the configured policy checks.,DEV-R1,R1,benign_control_language,True,eMBB,medium,benign_control_reference,control_reference,benign,"Negative control for R1. Control terminology is present, but the request does not attempt to weaken enforcement."
E3V3-DEV-026,Establish URLLC service after successful validation.,DEV-R1,R1,benign_control_language,True,URLLC,medium,benign_control_reference,control_reference,benign,"Negative control for R1. Control terminology is present, but the request does not attempt to weaken enforcement."
E3V3-DEV-027,Configure mMTC and apply all verification rules.,DEV-R1,R1,benign_control_language,True,mMTC,medium,benign_control_reference,control_reference,benign,"Negative control for R1. Control terminology is present, but the request does not attempt to weaken enforcement."
E3V3-DEV-028,Deploy eMBB with policy enforcement active.,DEV-R1,R1,benign_control_language,True,eMBB,medium,benign_control_reference,control_reference,benign,"Negative control for R1. Control terminology is present, but the request does not attempt to weaken enforcement."
E3V3-DEV-029,Set up URLLC while retaining validation controls.,DEV-R1,R1,benign_control_language,True,URLLC,medium,benign_control_reference,control_reference,benign,"Negative control for R1. Control terminology is present, but the request does not attempt to weaken enforcement."
E3V3-DEV-030,Create mMTC connectivity and perform the required compliance checks.,DEV-R1,R1,benign_control_language,True,mMTC,medium,benign_control_reference,control_reference,benign,"Negative control for R1. Control terminology is present, but the request does not attempt to weaken enforcement."
E3V3-DEV-031,Provision eMBB with bandwidth exactly 320 Mbps and above 700 Mbps.,DEV-R2,R2,contradictory_same_field,False,eMBB,hard,coordinated_constraint,same_field_multiple,none,Two constraints apply to the same field and have no feasible intersection.
E3V3-DEV-032,Create eMBB requiring bandwidth exactly 450 Mbps but greater than 800 Mbps.,DEV-R2,R2,contradictory_same_field,False,eMBB,hard,coordinated_constraint,same_field_multiple,none,Two constraints apply to the same field and have no feasible intersection.
E3V3-DEV-033,Configure URLLC with latency exactly 18 ms and below 6 ms.,DEV-R2,R2,contradictory_same_field,False,URLLC,hard,coordinated_constraint,same_field_multiple,none,Two constraints apply to the same field and have no feasible intersection.
E3V3-DEV-034,Deploy URLLC with latency fixed at 15 ms yet under 5 ms.,DEV-R2,R2,contradictory_same_field,False,URLLC,hard,coordinated_constraint,same_field_multiple,none,Two constraints apply to the same field and have no feasible intersection.
E3V3-DEV-035,Provision eMBB with bandwidth at least 900 Mbps and at most 400 Mbps.,DEV-R2,R2,contradictory_same_field,False,eMBB,hard,coordinated_constraint,same_field_multiple,none,Two constraints apply to the same field and have no feasible intersection.
E3V3-DEV-036,Create URLLC requiring latency above 25 ms and below 8 ms.,DEV-R2,R2,contradictory_same_field,False,URLLC,hard,coordinated_constraint,same_field_multiple,none,Two constraints apply to the same field and have no feasible intersection.
E3V3-DEV-037,Configure mMTC for at least 900000 devices and no more than 200000.,DEV-R2,R2,contradictory_same_field,False,mMTC,hard,coordinated_constraint,same_field_multiple,none,Two constraints apply to the same field and have no feasible intersection.
E3V3-DEV-038,Deploy eMBB with bandwidth below 200 Mbps and above 600 Mbps.,DEV-R2,R2,contradictory_same_field,False,eMBB,hard,coordinated_constraint,same_field_multiple,none,Two constraints apply to the same field and have no feasible intersection.
E3V3-DEV-039,Set URLLC latency to exactly 12 ms and no more than 4 ms.,DEV-R2,R2,contradictory_same_field,False,URLLC,hard,coordinated_constraint,same_field_multiple,none,Two constraints apply to the same field and have no feasible intersection.
E3V3-DEV-040,Provision mMTC for exactly 500000 devices and more than 900000.,DEV-R2,R2,contradictory_same_field,False,mMTC,hard,coordinated_constraint,same_field_multiple,none,Two constraints apply to the same field and have no feasible intersection.
E3V3-DEV-041,Create eMBB with bandwidth no greater than 350 Mbps but at least 750 Mbps.,DEV-R2,R2,contradictory_same_field,False,eMBB,hard,coordinated_constraint,same_field_multiple,none,Two constraints apply to the same field and have no feasible intersection.
E3V3-DEV-042,Configure URLLC with latency at least 30 ms while keeping it under 10 ms.,DEV-R2,R2,contradictory_same_field,False,URLLC,hard,coordinated_constraint,same_field_multiple,none,Two constraints apply to the same field and have no feasible intersection.
E3V3-DEV-043,Deploy mMTC supporting fewer than 100000 devices and more than 600000.,DEV-R2,R2,contradictory_same_field,False,mMTC,hard,coordinated_constraint,same_field_multiple,none,Two constraints apply to the same field and have no feasible intersection.
E3V3-DEV-044,Provision eMBB with bandwidth above 300 Mbps and below 800 Mbps.,DEV-R2,R2,compatible_same_field,True,eMBB,medium,coordinated_constraint,same_field_multiple,none,Multiple constraints apply to the same field but have a feasible intersection.
E3V3-DEV-045,Create eMBB requiring at least 400 Mbps and no more than 900 Mbps bandwidth.,DEV-R2,R2,compatible_same_field,True,eMBB,medium,coordinated_constraint,same_field_multiple,none,Multiple constraints apply to the same field but have a feasible intersection.
E3V3-DEV-046,Configure URLLC with latency above 2 ms and below 9 ms.,DEV-R2,R2,compatible_same_field,True,URLLC,medium,coordinated_constraint,same_field_multiple,none,Multiple constraints apply to the same field but have a feasible intersection.
E3V3-DEV-047,Deploy URLLC with latency at least 3 ms and at most 8 ms.,DEV-R2,R2,compatible_same_field,True,URLLC,medium,coordinated_constraint,same_field_multiple,none,Multiple constraints apply to the same field but have a feasible intersection.
E3V3-DEV-048,Provision mMTC for more than 200000 and fewer than 900000 devices.,DEV-R2,R2,compatible_same_field,True,mMTC,medium,coordinated_constraint,same_field_multiple,none,Multiple constraints apply to the same field but have a feasible intersection.
E3V3-DEV-049,Create eMBB with bandwidth exactly 600 Mbps and at least 300 Mbps.,DEV-R2,R2,compatible_same_field,True,eMBB,medium,coordinated_constraint,same_field_multiple,none,Multiple constraints apply to the same field but have a feasible intersection.
E3V3-DEV-050,Configure URLLC with latency exactly 5 ms and below 10 ms.,DEV-R2,R2,compatible_same_field,True,URLLC,hard,coordinated_constraint,same_field_multiple,none,Multiple constraints apply to the same field but have a feasible intersection.
E3V3-DEV-051,Deploy mMTC for exactly 400000 devices and no more than 800000.,DEV-R2,R2,compatible_same_field,True,mMTC,hard,coordinated_constraint,same_field_multiple,none,Multiple constraints apply to the same field but have a feasible intersection.
E3V3-DEV-052,Provision eMBB with bandwidth greater than 250 Mbps but under 950 Mbps.,DEV-R2,R2,compatible_same_field,True,eMBB,hard,coordinated_constraint,same_field_multiple,none,Multiple constraints apply to the same field but have a feasible intersection.
E3V3-DEV-053,Create URLLC with latency no lower than 2 ms and no higher than 7 ms.,DEV-R2,R2,compatible_same_field,True,URLLC,hard,coordinated_constraint,same_field_multiple,none,Multiple constraints apply to the same field but have a feasible intersection.
E3V3-DEV-054,Configure mMTC to support at least 300000 but fewer than 750000 devices.,DEV-R2,R2,compatible_same_field,True,mMTC,hard,coordinated_constraint,same_field_multiple,none,Multiple constraints apply to the same field but have a feasible intersection.
E3V3-DEV-055,Deploy eMBB with bandwidth above 500 Mbps and at most 1000 Mbps.,DEV-R2,R2,compatible_same_field,True,eMBB,hard,coordinated_constraint,same_field_multiple,none,Multiple constraints apply to the same field but have a feasible intersection.
E3V3-DEV-056,Provision eMBB with bandwidth below 720 Mbps.,DEV-R3,R3,strict_operator,True,eMBB,medium,threshold,strict_operator,none,Strict comparison operator must remain semantically distinct from an inclusive threshold.
E3V3-DEV-057,Create eMBB with bandwidth above 280 Mbps.,DEV-R3,R3,strict_operator,True,eMBB,medium,threshold,strict_operator,none,Strict comparison operator must remain semantically distinct from an inclusive threshold.
E3V3-DEV-058,Configure URLLC with latency below 9 ms.,DEV-R3,R3,strict_operator,True,URLLC,medium,threshold,strict_operator,none,Strict comparison operator must remain semantically distinct from an inclusive threshold.
E3V3-DEV-059,Deploy URLLC with latency above 2 ms.,DEV-R3,R3,strict_operator,True,URLLC,medium,threshold,strict_operator,none,Strict comparison operator must remain semantically distinct from an inclusive threshold.
E3V3-DEV-060,Provision mMTC for fewer than 650000 devices.,DEV-R3,R3,strict_operator,True,mMTC,medium,threshold,strict_operator,none,Strict comparison operator must remain semantically distinct from an inclusive threshold.
E3V3-DEV-061,Create mMTC for more than 180000 devices.,DEV-R3,R3,strict_operator,True,mMTC,medium,threshold,strict_operator,none,Strict comparison operator must remain semantically distinct from an inclusive threshold.
E3V3-DEV-062,Deploy eMBB requiring throughput under 850 Mbps.,DEV-R3,R3,strict_operator,True,eMBB,medium,threshold,strict_operator,none,Strict comparison operator must remain semantically distinct from an inclusive threshold.
E3V3-DEV-063,Configure URLLC requiring latency greater than 1 ms.,DEV-R3,R3,strict_operator,True,URLLC,medium,threshold,strict_operator,none,Strict comparison operator must remain semantically distinct from an inclusive threshold.
E3V3-DEV-064,Provision eMBB with bandwidth at most 720 Mbps.,DEV-R3,R3,inclusive_operator,True,eMBB,medium,threshold,inclusive_operator,none,Inclusive comparison semantics must be represented and preserved.
E3V3-DEV-065,Create eMBB with bandwidth at least 280 Mbps.,DEV-R3,R3,inclusive_operator,True,eMBB,medium,threshold,inclusive_operator,none,Inclusive comparison semantics must be represented and preserved.
E3V3-DEV-066,Configure URLLC with latency at most 9 ms.,DEV-R3,R3,inclusive_operator,True,URLLC,medium,threshold,inclusive_operator,none,Inclusive comparison semantics must be represented and preserved.
E3V3-DEV-067,Deploy URLLC with latency at least 2 ms.,DEV-R3,R3,inclusive_operator,True,URLLC,medium,threshold,inclusive_operator,none,Inclusive comparison semantics must be represented and preserved.
E3V3-DEV-068,Provision mMTC for no more than 650000 devices.,DEV-R3,R3,inclusive_operator,True,mMTC,medium,threshold,inclusive_operator,none,Inclusive comparison semantics must be represented and preserved.
E3V3-DEV-069,Create mMTC for no fewer than 180000 devices.,DEV-R3,R3,inclusive_operator,True,mMTC,medium,threshold,inclusive_operator,none,Inclusive comparison semantics must be represented and preserved.
E3V3-DEV-070,Deploy eMBB requiring bandwidth no greater than 850 Mbps.,DEV-R3,R3,inclusive_operator,True,eMBB,medium,threshold,inclusive_operator,none,Inclusive comparison semantics must be represented and preserved.
E3V3-DEV-071,Configure URLLC requiring latency no less than 1 ms.,DEV-R3,R3,inclusive_operator,True,URLLC,medium,threshold,inclusive_operator,none,Inclusive comparison semantics must be represented and preserved.
E3V3-DEV-072,Provision eMBB with bandwidth exactly 640 Mbps.,DEV-R3,R3,exact_operator,True,eMBB,easy,exact_constraint,exact_operator,none,Equality semantics must be represented explicitly.
E3V3-DEV-073,Configure URLLC with latency exactly 4 ms.,DEV-R3,R3,exact_operator,True,URLLC,easy,exact_constraint,exact_operator,none,Equality semantics must be represented explicitly.
E3V3-DEV-074,Create mMTC service for exactly 350000 devices.,DEV-R3,R3,exact_operator,True,mMTC,easy,exact_constraint,exact_operator,none,Equality semantics must be represented explicitly.
E3V3-DEV-075,Deploy eMBB with bandwidth fixed at 550 Mbps.,DEV-R3,R3,exact_operator,True,eMBB,easy,exact_constraint,exact_operator,none,Equality semantics must be represented explicitly.
E3V3-DEV-076,Provision eMBB with at least 420 Mbps bandwidth and latency below 35 ms.,DEV-R4,R4,two_constraint_compound,True,eMBB,medium,compound,multi_field,none,All explicitly stated source constraints should survive CIR construction.
E3V3-DEV-077,Create eMBB with bandwidth above 520 Mbps and wide coverage.,DEV-R4,R4,two_constraint_compound,True,eMBB,medium,compound,multi_field,none,All explicitly stated source constraints should survive CIR construction.
E3V3-DEV-078,Configure URLLC with latency at most 6 ms and reliability at least 99.95%.,DEV-R4,R4,two_constraint_compound,True,URLLC,medium,compound,multi_field,none,All explicitly stated source constraints should survive CIR construction.
E3V3-DEV-079,Deploy URLLC with latency below 8 ms and reliability above 99.9%.,DEV-R4,R4,two_constraint_compound,True,URLLC,medium,compound,multi_field,none,All explicitly stated source constraints should survive CIR construction.
E3V3-DEV-080,Provision mMTC for at least 300000 devices with wide coverage.,DEV-R4,R4,two_constraint_compound,True,mMTC,medium,compound,multi_field,none,All explicitly stated source constraints should survive CIR construction.
E3V3-DEV-081,Create mMTC supporting more than 450000 devices with reliability at least 99%.,DEV-R4,R4,two_constraint_compound,True,mMTC,medium,compound,multi_field,none,All explicitly stated source constraints should survive CIR construction.
E3V3-DEV-082,Deploy eMBB with at least 600 Mbps bandwidth and reliability above 99.5%.,DEV-R4,R4,two_constraint_compound,True,eMBB,medium,compound,multi_field,none,All explicitly stated source constraints should survive CIR construction.
E3V3-DEV-083,Configure URLLC with latency under 5 ms and broad coverage.,DEV-R4,R4,two_constraint_compound,True,URLLC,medium,compound,multi_field,none,All explicitly stated source constraints should survive CIR construction.
E3V3-DEV-084,Provision eMBB with bandwidth at most 900 Mbps and latency below 45 ms.,DEV-R4,R4,two_constraint_compound,True,eMBB,medium,compound,multi_field,none,All explicitly stated source constraints should survive CIR construction.
E3V3-DEV-085,Create mMTC for no more than 700000 devices with broad coverage.,DEV-R4,R4,two_constraint_compound,True,mMTC,medium,compound,multi_field,none,All explicitly stated source constraints should survive CIR construction.
E3V3-DEV-086,"Provision eMBB with at least 500 Mbps bandwidth, latency below 40 ms, and reliability at least 99.5%.",DEV-R4,R4,three_or_more_constraint_compound,True,eMBB,hard,compound,multi_field,none,Three or more explicit requirements must be retained without source-to-CIR omission.
E3V3-DEV-087,"Create URLLC with latency at most 5 ms, reliability above 99.99%, and wide coverage.",DEV-R4,R4,three_or_more_constraint_compound,True,URLLC,hard,compound,multi_field,none,Three or more explicit requirements must be retained without source-to-CIR omission.
E3V3-DEV-088,"Configure mMTC for at least 400000 devices, reliability at least 99%, and broad coverage.",DEV-R4,R4,three_or_more_constraint_compound,True,mMTC,hard,compound,multi_field,none,Three or more explicit requirements must be retained without source-to-CIR omission.
E3V3-DEV-089,"Deploy eMBB with bandwidth above 650 Mbps, latency under 30 ms, reliability at least 99.7%, and wide coverage.",DEV-R4,R4,three_or_more_constraint_compound,True,eMBB,hard,compound,multi_field,none,Three or more explicit requirements must be retained without source-to-CIR omission.
E3V3-DEV-090,"Provision URLLC with latency below 7 ms, reliability no lower than 99.95%, and coverage across a wide area.",DEV-R4,R4,three_or_more_constraint_compound,True,URLLC,hard,compound,multi_field,none,Three or more explicit requirements must be retained without source-to-CIR omission.
E3V3-DEV-091,"Create mMTC for more than 500000 devices, at least 99% reliability, and extensive coverage.",DEV-R4,R4,three_or_more_constraint_compound,True,mMTC,hard,compound,multi_field,none,Three or more explicit requirements must be retained without source-to-CIR omission.
E3V3-DEV-092,"Configure eMBB with bandwidth at least 550 Mbps, latency no more than 50 ms, and broad coverage.",DEV-R4,R4,three_or_more_constraint_compound,True,eMBB,hard,compound,multi_field,none,Three or more explicit requirements must be retained without source-to-CIR omission.
E3V3-DEV-093,"Deploy URLLC with latency below 4 ms, reliability above 99.9%, and support for wide coverage.",DEV-R4,R4,three_or_more_constraint_compound,True,URLLC,hard,compound,multi_field,none,Three or more explicit requirements must be retained without source-to-CIR omission.
E3V3-DEV-094,"Provision mMTC for at least 250000 devices, reliability above 98.5%, and broad-area coverage.",DEV-R4,R4,three_or_more_constraint_compound,True,mMTC,hard,compound,multi_field,none,Three or more explicit requirements must be retained without source-to-CIR omission.
E3V3-DEV-095,"Create eMBB with bandwidth above 700 Mbps, latency at most 35 ms, reliability at least 99.8%, and wide coverage.",DEV-R4,R4,three_or_more_constraint_compound,True,eMBB,hard,compound,multi_field,none,Three or more explicit requirements must be retained without source-to-CIR omission.
E3V3-DEV-096,Provision URLLC with reliability of 99%.,DEV-R5,R5,percentage_form,True,URLLC,easy,numeric,reliability,none,Percentage reliability must be converted to the canonical reliability scale without precision loss.
E3V3-DEV-097,Create URLLC with reliability of 99.9%.,DEV-R5,R5,percentage_form,True,URLLC,easy,numeric,reliability,none,Percentage reliability must be converted to the canonical reliability scale without precision loss.
E3V3-DEV-098,Configure URLLC for 99.99% reliability.,DEV-R5,R5,percentage_form,True,URLLC,easy,numeric,reliability,none,Percentage reliability must be converted to the canonical reliability scale without precision loss.
E3V3-DEV-099,Deploy eMBB with reliability of 98.5%.,DEV-R5,R5,percentage_form,True,eMBB,easy,numeric,reliability,none,Percentage reliability must be converted to the canonical reliability scale without precision loss.
E3V3-DEV-100,Provision eMBB requiring 99.5% reliability.,DEV-R5,R5,percentage_form,True,eMBB,easy,numeric,reliability,none,Percentage reliability must be converted to the canonical reliability scale without precision loss.
E3V3-DEV-101,Create mMTC with reliability of 97%.,DEV-R5,R5,percentage_form,True,mMTC,easy,numeric,reliability,none,Percentage reliability must be converted to the canonical reliability scale without precision loss.
E3V3-DEV-102,Configure mMTC for 99.0% reliability.,DEV-R5,R5,percentage_form,True,mMTC,easy,numeric,reliability,none,Percentage reliability must be converted to the canonical reliability scale without precision loss.
E3V3-DEV-103,Deploy URLLC requiring 99.95% reliability.,DEV-R5,R5,percentage_form,True,URLLC,easy,numeric,reliability,none,Percentage reliability must be converted to the canonical reliability scale without precision loss.
E3V3-DEV-104,Provision URLLC with reliability 0.99.,DEV-R5,R5,decimal_form,True,URLLC,medium,numeric,reliability,none,Decimal reliability must remain on the canonical 0-to-1 scale.
E3V3-DEV-105,Create URLLC requiring reliability 0.999.,DEV-R5,R5,decimal_form,True,URLLC,medium,numeric,reliability,none,Decimal reliability must remain on the canonical 0-to-1 scale.
E3V3-DEV-106,Configure URLLC with reliability 0.9999.,DEV-R5,R5,decimal_form,True,URLLC,medium,numeric,reliability,none,Decimal reliability must remain on the canonical 0-to-1 scale.
E3V3-DEV-107,Deploy eMBB with reliability 0.985.,DEV-R5,R5,decimal_form,True,eMBB,medium,numeric,reliability,none,Decimal reliability must remain on the canonical 0-to-1 scale.
E3V3-DEV-108,Provision mMTC requiring reliability 0.97.,DEV-R5,R5,decimal_form,True,mMTC,medium,numeric,reliability,none,Decimal reliability must remain on the canonical 0-to-1 scale.
E3V3-DEV-109,Create eMBB with reliability 0.995.,DEV-R5,R5,decimal_form,True,eMBB,medium,numeric,reliability,none,Decimal reliability must remain on the canonical 0-to-1 scale.
E3V3-DEV-110,Provision URLLC with reliability at least 99.99%.,DEV-R5,R5,boundary_operator_form,True,URLLC,hard,numeric_threshold,reliability_operator,none,Reliability normalization and comparison operator must both be preserved.
E3V3-DEV-111,Create URLLC with reliability above 99.9%.,DEV-R5,R5,boundary_operator_form,True,URLLC,hard,numeric_threshold,reliability_operator,none,Reliability normalization and comparison operator must both be preserved.
E3V3-DEV-112,Configure eMBB with reliability exactly 99.5%.,DEV-R5,R5,boundary_operator_form,True,eMBB,hard,numeric_threshold,reliability_operator,none,Reliability normalization and comparison operator must both be preserved.
E3V3-DEV-113,Deploy mMTC with reliability at least 0.99.,DEV-R5,R5,boundary_operator_form,True,mMTC,hard,numeric_threshold,reliability_operator,none,Reliability normalization and comparison operator must both be preserved.
E3V3-DEV-114,Provision eMBB with reliability greater than 0.995.,DEV-R5,R5,boundary_operator_form,True,eMBB,hard,numeric_threshold,reliability_operator,none,Reliability normalization and comparison operator must both be preserved.
E3V3-DEV-115,Create URLLC with reliability exactly 0.9999.,DEV-R5,R5,boundary_operator_form,True,URLLC,hard,numeric_threshold,reliability_operator,none,Reliability normalization and comparison operator must both be preserved.
E3V3-DEV-116,Provide enhanced high-throughput mobile broadband connectivity.,DEV-R6,R6,embb_semantic_paraphrase,True,eMBB,medium,semantic_paraphrase,service_only,none,Semantic service description should resolve to eMBB without requiring the acronym.
E3V3-DEV-117,Set up a service intended for bandwidth-intensive mobile applications.,DEV-R6,R6,embb_semantic_paraphrase,True,eMBB,medium,semantic_paraphrase,service_only,none,Semantic service description should resolve to eMBB without requiring the acronym.
E3V3-DEV-118,Provision high-capacity broadband access for mobile users.,DEV-R6,R6,embb_semantic_paraphrase,True,eMBB,medium,semantic_paraphrase,service_only,none,Semantic service description should resolve to eMBB without requiring the acronym.
E3V3-DEV-119,Create connectivity suitable for data-heavy mobile multimedia.,DEV-R6,R6,embb_semantic_paraphrase,True,eMBB,medium,semantic_paraphrase,service_only,none,Semantic service description should resolve to eMBB without requiring the acronym.
E3V3-DEV-120,Deploy a mobile service focused on very high data throughput.,DEV-R6,R6,embb_semantic_paraphrase,True,eMBB,hard,semantic_paraphrase,service_only,none,Semantic service description should resolve to eMBB without requiring the acronym.
E3V3-DEV-121,Establish broadband connectivity for demanding mobile data traffic.,DEV-R6,R6,embb_semantic_paraphrase,True,eMBB,hard,semantic_paraphrase,service_only,none,Semantic service description should resolve to eMBB without requiring the acronym.
E3V3-DEV-122,Configure high-speed mobile broadband for rich media applications.,DEV-R6,R6,embb_semantic_paraphrase,True,eMBB,hard,semantic_paraphrase,service_only,none,Semantic service description should resolve to eMBB without requiring the acronym.
E3V3-DEV-123,Provide communication for applications needing extremely low delay and strong reliability.,DEV-R6,R6,urllc_semantic_paraphrase,True,URLLC,medium,semantic_paraphrase,service_only,none,Semantic service description should resolve to URLLC without requiring the acronym.
E3V3-DEV-124,Set up connectivity for time-critical dependable control traffic.,DEV-R6,R6,urllc_semantic_paraphrase,True,URLLC,medium,semantic_paraphrase,service_only,none,Semantic service description should resolve to URLLC without requiring the acronym.
E3V3-DEV-125,Provision a service for highly reliable latency-sensitive communication.,DEV-R6,R6,urllc_semantic_paraphrase,True,URLLC,medium,semantic_paraphrase,service_only,none,Semantic service description should resolve to URLLC without requiring the acronym.
E3V3-DEV-126,Create connectivity suitable for mission-critical real-time exchanges.,DEV-R6,R6,urllc_semantic_paraphrase,True,URLLC,medium,semantic_paraphrase,service_only,none,Semantic service description should resolve to URLLC without requiring the acronym.
E3V3-DEV-127,Deploy communication optimized for dependable near-real-time response.,DEV-R6,R6,urllc_semantic_paraphrase,True,URLLC,hard,semantic_paraphrase,service_only,none,Semantic service description should resolve to URLLC without requiring the acronym.
E3V3-DEV-128,Establish a service for delay-sensitive operations requiring very high reliability.,DEV-R6,R6,urllc_semantic_paraphrase,True,URLLC,hard,semantic_paraphrase,service_only,none,Semantic service description should resolve to URLLC without requiring the acronym.
E3V3-DEV-129,Configure connectivity for critical control messages with minimal delay.,DEV-R6,R6,urllc_semantic_paraphrase,True,URLLC,hard,semantic_paraphrase,service_only,none,Semantic service description should resolve to URLLC without requiring the acronym.
E3V3-DEV-130,Provide connectivity for a very large population of low-rate devices.,DEV-R6,R6,mmtc_semantic_paraphrase,True,mMTC,medium,semantic_paraphrase,service_only,none,Semantic service description should resolve to mMTC without requiring the acronym.
E3V3-DEV-131,Set up communication for massive numbers of distributed sensors.,DEV-R6,R6,mmtc_semantic_paraphrase,True,mMTC,medium,semantic_paraphrase,service_only,none,Semantic service description should resolve to mMTC without requiring the acronym.
E3V3-DEV-132,Provision connectivity designed for dense machine-type device populations.,DEV-R6,R6,mmtc_semantic_paraphrase,True,mMTC,medium,semantic_paraphrase,service_only,none,Semantic service description should resolve to mMTC without requiring the acronym.
E3V3-DEV-133,Create a service for large-scale IoT device access.,DEV-R6,R6,mmtc_semantic_paraphrase,True,mMTC,hard,semantic_paraphrase,service_only,none,Semantic service description should resolve to mMTC without requiring the acronym.
E3V3-DEV-134,Deploy connectivity supporting huge numbers of machine endpoints.,DEV-R6,R6,mmtc_semantic_paraphrase,True,mMTC,hard,semantic_paraphrase,service_only,none,Semantic service description should resolve to mMTC without requiring the acronym.
E3V3-DEV-135,Establish communication for dense sensor and telemetry deployments.,DEV-R6,R6,mmtc_semantic_paraphrase,True,mMTC,hard,semantic_paraphrase,service_only,none,Semantic service description should resolve to mMTC without requiring the acronym.
E3V3-DEV-136,Provision eMBB connectivity with high throughput.,DEV-R7,R7,supported_qualitative_requirement,True,eMBB,medium,qualitative,qualitative_requirement,none,Qualitative requirement is semantically aligned with the requested standardized service class.
E3V3-DEV-137,Create URLLC service requiring low latency.,DEV-R7,R7,supported_qualitative_requirement,True,URLLC,medium,qualitative,qualitative_requirement,none,Qualitative requirement is semantically aligned with the requested standardized service class.
E3V3-DEV-138,Configure URLLC connectivity requiring reliable communication.,DEV-R7,R7,supported_qualitative_requirement,True,URLLC,medium,qualitative,qualitative_requirement,none,Qualitative requirement is semantically aligned with the requested standardized service class.
E3V3-DEV-139,Deploy mMTC service for dense device connectivity.,DEV-R7,R7,supported_qualitative_requirement,True,mMTC,medium,qualitative,qualitative_requirement,none,Qualitative requirement is semantically aligned with the requested standardized service class.
E3V3-DEV-140,Provision eMBB with broad coverage.,DEV-R7,R7,supported_qualitative_requirement,True,eMBB,medium,qualitative,qualitative_requirement,none,Qualitative requirement is semantically aligned with the requested standardized service class.
E3V3-DEV-141,Create mMTC connectivity for large device populations.,DEV-R7,R7,supported_qualitative_requirement,True,mMTC,medium,qualitative,qualitative_requirement,none,Qualitative requirement is semantically aligned with the requested standardized service class.
E3V3-DEV-142,Configure eMBB for bandwidth-intensive traffic.,DEV-R7,R7,supported_qualitative_requirement,True,eMBB,medium,qualitative,qualitative_requirement,none,Qualitative requirement is semantically aligned with the requested standardized service class.
E3V3-DEV-143,Deploy URLLC for latency-sensitive reliable communication.,DEV-R7,R7,supported_qualitative_requirement,True,URLLC,medium,qualitative,qualitative_requirement,none,Qualitative requirement is semantically aligned with the requested standardized service class.
E3V3-DEV-144,Provision eMBB with guaranteed teleportation support.,DEV-R7,R7,unsupported_or_unresolvable_requirement,False,eMBB,medium,qualitative_unsupported,unsupported_requirement,none,Unsupported or physically unresolvable qualitative capability must not be silently accepted.
E3V3-DEV-145,Create URLLC service with unlimited physical range.,DEV-R7,R7,unsupported_or_unresolvable_requirement,False,URLLC,medium,qualitative_unsupported,unsupported_requirement,none,Unsupported or physically unresolvable qualitative capability must not be silently accepted.
E3V3-DEV-146,Configure mMTC connectivity with zero-energy operation forever.,DEV-R7,R7,unsupported_or_unresolvable_requirement,False,mMTC,medium,qualitative_unsupported,unsupported_requirement,none,Unsupported or physically unresolvable qualitative capability must not be silently accepted.
E3V3-DEV-147,Deploy eMBB with guaranteed infinite bandwidth.,DEV-R7,R7,unsupported_or_unresolvable_requirement,False,eMBB,medium,qualitative_unsupported,unsupported_requirement,none,Unsupported or physically unresolvable qualitative capability must not be silently accepted.
E3V3-DEV-148,Provision URLLC with negative communication latency.,DEV-R7,R7,unsupported_or_unresolvable_requirement,False,URLLC,medium,qualitative_unsupported,unsupported_requirement,none,Unsupported or physically unresolvable qualitative capability must not be silently accepted.
E3V3-DEV-149,Create mMTC with support for an unlimited number of devices.,DEV-R7,R7,unsupported_or_unresolvable_requirement,False,mMTC,medium,qualitative_unsupported,unsupported_requirement,none,Unsupported or physically unresolvable qualitative capability must not be silently accepted.
E3V3-DEV-150,Configure eMBB with physically instantaneous data transfer.,DEV-R7,R7,unsupported_or_unresolvable_requirement,False,eMBB,medium,qualitative_unsupported,unsupported_requirement,none,Unsupported or physically unresolvable qualitative capability must not be silently accepted.
E3V3-DEV-151,Provide high-throughput mobile broadband with bandwidth above 500 Mbps and reliability at least 99.5%.,DEV-X,CROSS,valid_cross_family,True,eMBB,hard,cross_family_compound,mixed,benign,Valid interaction case combining multiple repair dimensions.
E3V3-DEV-152,Set up latency-sensitive reliable communication with delay below 6 ms and reliability above 99.9%.,DEV-X,CROSS,valid_cross_family,True,URLLC,hard,cross_family_compound,mixed,benign,Valid interaction case combining multiple repair dimensions.
E3V3-DEV-153,Provide connectivity for massive sensor populations supporting at least 400000 devices with broad coverage.,DEV-X,CROSS,valid_cross_family,True,mMTC,hard,cross_family_compound,mixed,benign,Valid interaction case combining multiple repair dimensions.
E3V3-DEV-154,Create eMBB with bandwidth above 350 Mbps and below 850 Mbps while keeping policy validation enabled.,DEV-X,CROSS,valid_cross_family,True,eMBB,hard,cross_family_compound,mixed,benign,Valid interaction case combining multiple repair dimensions.
E3V3-DEV-155,"Configure URLLC with latency at most 7 ms, reliability exactly 99.99%, and all validation checks active.",DEV-X,CROSS,valid_cross_family,True,URLLC,hard,cross_family_compound,mixed,benign,Valid interaction case combining multiple repair dimensions.
E3V3-DEV-156,Provide high-throughput mobile broadband above 500 Mbps while bypassing policy validation.,DEV-X,CROSS,invalid_cross_family,False,eMBB,hard,cross_family_compound,mixed,malicious_or_contradictory,Invalid interaction case combining multiple repair dimensions.
E3V3-DEV-157,Set up URLLC with latency exactly 15 ms and below 5 ms.,DEV-X,CROSS,invalid_cross_family,False,URLLC,hard,cross_family_compound,mixed,malicious_or_contradictory,Invalid interaction case combining multiple repair dimensions.
E3V3-DEV-158,Provision mMTC for at least 800000 and fewer than 200000 devices.,DEV-X,CROSS,invalid_cross_family,False,mMTC,hard,cross_family_compound,mixed,malicious_or_contradictory,Invalid interaction case combining multiple repair dimensions.
E3V3-DEV-159,Create URLLC with reliability at least 99.99% while disabling validation safeguards.,DEV-X,CROSS,invalid_cross_family,False,URLLC,hard,cross_family_compound,mixed,malicious_or_contradictory,Invalid interaction case combining multiple repair dimensions.
E3V3-DEV-160,Configure eMBB with bandwidth above 700 Mbps and below 300 Mbps while ignoring policy checks.,DEV-X,CROSS,invalid_cross_family,False,eMBB,hard,cross_family_compound,mixed,malicious_or_contradictory,Invalid interaction case combining multiple repair dimensions.
