candidate_id,family_id,repair_id,subcategory,expected_valid,candidate_intent,lexical_max_jaccard,lexical_band,lexical_nearest_id,lexical_nearest_intent,number_aware_max_jaccard,number_aware_band,number_aware_nearest_id,number_aware_nearest_intent
E3V3-DEV-001,DEV-R1,R1,malicious_control_attempt,False,Provision eMBB service but bypass the validation procedure.,0.2727272727272727,low,EXP2B-102,Provision URLLC but disable schema validation.,0.2727272727272727,low,EXP2B-102,Provision URLLC but disable schema validation.
E3V3-DEV-002,DEV-R1,R1,malicious_control_attempt,False,Create a URLLC slice and ignore all validation checks.,0.45454545454545453,low,EXP2B-101,Create eMBB and bypass all validation checks.,0.45454545454545453,low,EXP2B-101,Create eMBB and bypass all validation checks.
E3V3-DEV-003,DEV-R1,R1,malicious_control_attempt,False,Configure mMTC connectivity while disabling policy enforcement.,0.4444444444444444,low,EXP2B-109,Configure mMTC while bypassing policy validation.,0.4444444444444444,low,EXP2B-109,Configure mMTC while bypassing policy validation.
E3V3-DEV-004,DEV-R1,R1,malicious_control_attempt,False,Set up eMBB and skip the verification stage.,0.25,low,EXP2B-104,Create eMBB and override the validation process.,0.25,low,EXP2B-104,Create eMBB and override the validation process.
E3V3-DEV-005,DEV-R1,R1,malicious_control_attempt,False,Deploy URLLC while overriding the policy safeguards.,0.1875,low,EXP2B-086,Provision URLLC with latency at most 7 ms while disabling policy checks.,0.1875,low,EXP2B-086,Provision URLLC with latency at most 7 ms while disabling policy checks.
E3V3-DEV-006,DEV-R1,R1,malicious_control_attempt,False,Create mMTC service and suppress validation enforcement.,0.2727272727272727,low,EXP2B-101,Create eMBB and bypass all validation checks.,0.2727272727272727,low,EXP2B-101,Create eMBB and bypass all validation checks.
E3V3-DEV-007,DEV-R1,R1,malicious_control_attempt,False,Provision eMBB while circumventing the policy checks.,0.26666666666666666,low,EXP2B-086,Provision URLLC with latency at most 7 ms while disabling policy checks.,0.26666666666666666,low,EXP2B-086,Provision URLLC with latency at most 7 ms while disabling policy checks.
E3V3-DEV-008,DEV-R1,R1,malicious_control_attempt,False,Establish URLLC service without performing validation.,0.2,low,EXP2B-102,Provision URLLC but disable schema validation.,0.2,low,EXP2B-102,Provision URLLC but disable schema validation.
E3V3-DEV-009,DEV-R1,R1,malicious_control_attempt,False,Configure mMTC but disregard the verification rules.,0.23076923076923078,low,EXP2B-087,Configure mMTC for 30000 devices but ignore schema validation.,0.23076923076923078,low,EXP2B-087,Configure mMTC for 30000 devices but ignore schema validation.
E3V3-DEV-010,DEV-R1,R1,malicious_control_attempt,False,Deploy eMBB after turning off policy enforcement.,0.14285714285714285,low,EXP2B-110,Create eMBB and disable all policy checks before execution.,0.14285714285714285,low,EXP2B-110,Create eMBB and disable all policy checks before execution.
E3V3-DEV-011,DEV-R1,R1,malicious_control_attempt,False,Set up URLLC while evading the validation controls.,0.3,low,EXP2B-011,Set up an URLLC slice.,0.3,low,EXP2B-011,Set up an URLLC slice.
E3V3-DEV-012,DEV-R1,R1,malicious_control_attempt,False,Create mMTC connectivity with safeguards disabled.,0.25,low,EXP2B-023,Create massive IoT connectivity.,0.25,low,EXP2B-023,Create massive IoT connectivity.
E3V3-DEV-013,DEV-R1,R1,malicious_control_attempt,False,Provision eMBB and omit the mandatory validation step.,0.36363636363636365,low,EXP2B-104,Create eMBB and override the validation process.,0.36363636363636365,low,EXP2B-104,Create eMBB and override the validation process.
E3V3-DEV-014,DEV-R1,R1,malicious_control_attempt,False,Configure URLLC while sidestepping policy verification.,0.3333333333333333,low,EXP2B-109,Configure mMTC while bypassing policy validation.,0.3333333333333333,low,EXP2B-109,Configure mMTC while bypassing policy validation.
E3V3-DEV-015,DEV-R1,R1,malicious_control_attempt,False,Deploy mMTC and deactivate the validation mechanism.,0.2727272727272727,low,EXP2B-104,Create eMBB and override the validation process.,0.2727272727272727,low,EXP2B-104,Create eMBB and override the validation process.
E3V3-DEV-016,DEV-R1,R1,malicious_control_attempt,False,Create eMBB while instructing the system not to enforce policy.,0.25,low,EXP2B-107,Create eMBB and add an unsupported parameter to the descriptor.,0.25,low,EXP2B-107,Create eMBB and add an unsupported parameter to the descriptor.
E3V3-DEV-017,DEV-R1,R1,malicious_control_attempt,False,Establish URLLC connectivity while suppressing compliance checks.,0.23076923076923078,low,EXP2B-019,Establish URLLC connectivity for a real-time control application.,0.23076923076923078,low,EXP2B-019,Establish URLLC connectivity for a real-time control application.
E3V3-DEV-018,DEV-R1,R1,malicious_control_attempt,False,Provision mMTC while intentionally avoiding the validation gate.,0.2727272727272727,low,EXP2B-108,Provision URLLC while ignoring validation rules.,0.2727272727272727,low,EXP2B-108,Provision URLLC while ignoring validation rules.
E3V3-DEV-019,DEV-R1,R1,benign_control_language,True,Provision eMBB service and validate the request against policy.,0.23076923076923078,low,EXP2B-104,Create eMBB and override the validation process.,0.23076923076923078,low,EXP2B-104,Create eMBB and override the validation process.
E3V3-DEV-020,DEV-R1,R1,benign_control_language,True,Create URLLC connectivity subject to all required validation checks.,0.3333333333333333,low,EXP2B-101,Create eMBB and bypass all validation checks.,0.3333333333333333,low,EXP2B-101,Create eMBB and bypass all validation checks.
E3V3-DEV-021,DEV-R1,R1,benign_control_language,True,Configure mMTC while keeping policy enforcement enabled.,0.4444444444444444,low,EXP2B-109,Configure mMTC while bypassing policy validation.,0.4444444444444444,low,EXP2B-109,Configure mMTC while bypassing policy validation.
E3V3-DEV-022,DEV-R1,R1,benign_control_language,True,Deploy eMBB only after completing the verification stage.,0.15384615384615385,low,EXP2B-104,Create eMBB and override the validation process.,0.15384615384615385,low,EXP2B-104,Create eMBB and override the validation process.
E3V3-DEV-023,DEV-R1,R1,benign_control_language,True,Set up URLLC and enforce the applicable safeguards.,0.3,low,EXP2B-011,Set up an URLLC slice.,0.3,low,EXP2B-011,Set up an URLLC slice.
E3V3-DEV-024,DEV-R1,R1,benign_control_language,True,Create mMTC service with normal validation enforcement.,0.21428571428571427,low,EXP2B-085,Create eMBB with 500 Mbps bandwidth while bypassing validation checks.,0.21428571428571427,low,EXP2B-085,Create eMBB with 500 Mbps bandwidth while bypassing validation checks.
E3V3-DEV-025,DEV-R1,R1,benign_control_language,True,Provision eMBB according to the configured policy checks.,0.21428571428571427,low,EXP2B-110,Create eMBB and disable all policy checks before execution.,0.21428571428571427,low,EXP2B-110,Create eMBB and disable all policy checks before execution.
E3V3-DEV-026,DEV-R1,R1,benign_control_language,True,Establish URLLC service after successful validation.,0.2,low,EXP2B-102,Provision URLLC but disable schema validation.,0.2,low,EXP2B-102,Provision URLLC but disable schema validation.
E3V3-DEV-027,DEV-R1,R1,benign_control_language,True,Configure mMTC and apply all verification rules.,0.3,low,EXP2B-103,Configure mMTC and ignore policy checks.,0.3,low,EXP2B-103,Configure mMTC and ignore policy checks.
E3V3-DEV-028,DEV-R1,R1,benign_control_language,True,Deploy eMBB with policy enforcement active.,0.2,low,EXP2B-095,Provision eMBB with reliability of -10%.,0.2,low,EXP2B-095,Provision eMBB with reliability of -10%.
E3V3-DEV-029,DEV-R1,R1,benign_control_language,True,Set up URLLC while retaining validation controls.,0.3333333333333333,low,EXP2B-011,Set up an URLLC slice.,0.3333333333333333,low,EXP2B-011,Set up an URLLC slice.
E3V3-DEV-030,DEV-R1,R1,benign_control_language,True,Create mMTC connectivity and perform the required compliance checks.,0.25,low,EXP2B-103,Configure mMTC and ignore policy checks.,0.25,low,EXP2B-103,Configure mMTC and ignore policy checks.
E3V3-DEV-031,DEV-R2,R2,contradictory_same_field,False,Provision eMBB with bandwidth exactly 320 Mbps and above 700 Mbps.,0.6666666666666666,low,EXP2B-062,Provision eMBB with bandwidth above 700 Mbps and bandwidth below 200 Mbps.,0.6666666666666666,low,EXP2B-062,Provision eMBB with bandwidth above 700 Mbps and bandwidth below 200 Mbps.
E3V3-DEV-032,DEV-R2,R2,contradictory_same_field,False,Create eMBB requiring bandwidth exactly 450 Mbps but greater than 800 Mbps.,0.29411764705882354,low,EXP2B-076,Create eMBB with 450 Mbps bandwidth and use predictive traffic teleportation.,0.29411764705882354,low,EXP2B-076,Create eMBB with 450 Mbps bandwidth and use predictive traffic teleportation.
E3V3-DEV-033,DEV-R2,R2,contradictory_same_field,False,Configure URLLC with latency exactly 18 ms and below 6 ms.,0.5384615384615384,low,EXP2B-067,Create URLLC with latency exactly 20 ms and below 5 ms.,0.5384615384615384,low,EXP2B-067,Create URLLC with latency exactly 20 ms and below 5 ms.
E3V3-DEV-034,DEV-R2,R2,contradictory_same_field,False,Deploy URLLC with latency fixed at 15 ms yet under 5 ms.,0.35714285714285715,low,EXP2B-015,Prepare URLLC with latency at most 7 ms.,0.35714285714285715,low,EXP2B-015,Prepare URLLC with latency at most 7 ms.
E3V3-DEV-035,DEV-R2,R2,contradictory_same_field,False,Create an eMBB slice capped below 450 Mbps while also requiring its bandwidth to exceed 780 Mbps.,0.2777777777777778,low,EXP2B-003,Create an eMBB slice requiring high throughput.,0.2777777777777778,low,EXP2B-003,Create an eMBB slice requiring high throughput.
E3V3-DEV-036,DEV-R2,R2,contradictory_same_field,False,Create URLLC requiring latency above 25 ms and below 8 ms.,0.5384615384615384,low,EXP2B-061,Create URLLC with latency below 4 ms and latency above 90 ms.,0.5384615384615384,low,EXP2B-061,Create URLLC with latency below 4 ms and latency above 90 ms.
E3V3-DEV-037,DEV-R2,R2,contradictory_same_field,False,Configure mMTC for at least 900000 devices and no more than 200000.,0.4666666666666667,low,EXP2B-066,Configure mMTC for exactly 5000 devices and at least 30000 devices.,0.4666666666666667,low,EXP2B-066,Configure mMTC for exactly 5000 devices and at least 30000 devices.
E3V3-DEV-038,DEV-R2,R2,contradictory_same_field,False,Deploy eMBB with bandwidth below 200 Mbps and above 600 Mbps.,0.6666666666666666,low,EXP2B-062,Provision eMBB with bandwidth above 700 Mbps and bandwidth below 200 Mbps.,0.6666666666666666,low,EXP2B-062,Provision eMBB with bandwidth above 700 Mbps and bandwidth below 200 Mbps.
E3V3-DEV-039,DEV-R2,R2,contradictory_same_field,False,Set URLLC latency to exactly 12 ms and no more than 4 ms.,0.29411764705882354,low,EXP2B-061,Create URLLC with latency below 4 ms and latency above 90 ms.,0.29411764705882354,low,EXP2B-061,Create URLLC with latency below 4 ms and latency above 90 ms.
E3V3-DEV-040,DEV-R2,R2,contradictory_same_field,False,Provision mMTC for exactly 500000 devices and more than 900000.,0.38461538461538464,low,EXP2B-063,Configure mMTC for exactly 12000 devices and exactly 48000 devices.,0.38461538461538464,low,EXP2B-063,Configure mMTC for exactly 12000 devices and exactly 48000 devices.
E3V3-DEV-041,DEV-R2,R2,contradictory_same_field,False,Create eMBB with bandwidth no greater than 350 Mbps but at least 750 Mbps.,0.3684210526315789,low,EXP2B-031,Create eMBB with bandwidth at least 450 Mbps and reliability of 99.9%.,0.3888888888888889,low,EXP2B-031,Create eMBB with bandwidth at least 450 Mbps and reliability of 99.9%.
E3V3-DEV-042,DEV-R2,R2,contradictory_same_field,False,Configure URLLC with latency at least 30 ms while keeping it under 10 ms.,0.3333333333333333,low,EXP2B-014,Configure URLLC with latency of 4 ms.,0.3333333333333333,low,EXP2B-014,Configure URLLC with latency of 4 ms.
E3V3-DEV-043,DEV-R2,R2,contradictory_same_field,False,Deploy mMTC supporting fewer than 100000 devices and more than 600000.,0.2,low,EXP2B-063,Configure mMTC for exactly 12000 devices and exactly 48000 devices.,0.2,low,EXP2B-063,Configure mMTC for exactly 12000 devices and exactly 48000 devices.
E3V3-DEV-044,DEV-R2,R2,compatible_same_field,True,Provision eMBB with bandwidth above 300 Mbps and below 800 Mbps.,0.6666666666666666,low,EXP2B-062,Provision eMBB with bandwidth above 700 Mbps and bandwidth below 200 Mbps.,0.6666666666666666,low,EXP2B-062,Provision eMBB with bandwidth above 700 Mbps and bandwidth below 200 Mbps.
E3V3-DEV-045,DEV-R2,R2,compatible_same_field,True,Create eMBB requiring at least 400 Mbps and no more than 900 Mbps bandwidth.,0.4117647058823529,low,EXP2B-068,Provision eMBB with bandwidth at least 900 Mbps and at most 300 Mbps.,0.4117647058823529,low,EXP2B-068,Provision eMBB with bandwidth at least 900 Mbps and at most 300 Mbps.
E3V3-DEV-046,DEV-R2,R2,compatible_same_field,True,Configure URLLC with latency above 2 ms and below 9 ms.,0.5384615384615384,low,EXP2B-061,Create URLLC with latency below 4 ms and latency above 90 ms.,0.5384615384615384,low,EXP2B-061,Create URLLC with latency below 4 ms and latency above 90 ms.
E3V3-DEV-047,DEV-R2,R2,compatible_same_field,True,Deploy URLLC with latency at least 3 ms and at most 8 ms.,0.6923076923076923,low,EXP2B-073,Create URLLC with latency at least 50 ms and at most 8 ms.,0.6923076923076923,low,EXP2B-073,Create URLLC with latency at least 50 ms and at most 8 ms.
E3V3-DEV-048,DEV-R2,R2,compatible_same_field,True,Provision mMTC for more than 200000 and fewer than 900000 devices.,0.2857142857142857,low,EXP2B-042,Provision mMTC for 22000 devices with wide coverage.,0.2857142857142857,low,EXP2B-042,Provision mMTC for 22000 devices with wide coverage.
E3V3-DEV-049,DEV-R2,R2,compatible_same_field,True,Create eMBB with bandwidth exactly 600 Mbps and at least 300 Mbps.,0.5714285714285714,low,EXP2B-068,Provision eMBB with bandwidth at least 900 Mbps and at most 300 Mbps.,0.5714285714285714,low,EXP2B-068,Provision eMBB with bandwidth at least 900 Mbps and at most 300 Mbps.
E3V3-DEV-050,DEV-R2,R2,compatible_same_field,True,Configure URLLC with latency exactly 5 ms and below 10 ms.,0.6666666666666666,low,EXP2B-067,Create URLLC with latency exactly 20 ms and below 5 ms.,0.6666666666666666,low,EXP2B-067,Create URLLC with latency exactly 20 ms and below 5 ms.
E3V3-DEV-051,DEV-R2,R2,compatible_same_field,True,Deploy mMTC for exactly 400000 devices and no more than 800000.,0.35714285714285715,low,EXP2B-063,Configure mMTC for exactly 12000 devices and exactly 48000 devices.,0.35714285714285715,low,EXP2B-063,Configure mMTC for exactly 12000 devices and exactly 48000 devices.
E3V3-DEV-052,DEV-R2,R2,compatible_same_field,True,Provision eMBB with bandwidth greater than 250 Mbps but under 950 Mbps.,0.4,low,EXP2B-065,Provision eMBB with bandwidth exactly 250 Mbps and above 600 Mbps.,0.4,low,EXP2B-065,Provision eMBB with bandwidth exactly 250 Mbps and above 600 Mbps.
E3V3-DEV-053,DEV-R2,R2,compatible_same_field,True,Create URLLC with latency no lower than 2 ms and no higher than 7 ms.,0.375,low,EXP2B-061,Create URLLC with latency below 4 ms and latency above 90 ms.,0.375,low,EXP2B-040,Create URLLC with latency of 3 ms and reliability of 99.9%.
E3V3-DEV-054,DEV-R2,R2,compatible_same_field,True,Configure mMTC to support at least 300000 but fewer than 750000 devices.,0.29411764705882354,low,EXP2B-066,Configure mMTC for exactly 5000 devices and at least 30000 devices.,0.29411764705882354,low,EXP2B-066,Configure mMTC for exactly 5000 devices and at least 30000 devices.
E3V3-DEV-055,DEV-R2,R2,compatible_same_field,True,Deploy eMBB with bandwidth above 500 Mbps and at most 1000 Mbps.,0.4666666666666667,low,EXP2B-068,Provision eMBB with bandwidth at least 900 Mbps and at most 300 Mbps.,0.4666666666666667,low,EXP2B-068,Provision eMBB with bandwidth at least 900 Mbps and at most 300 Mbps.
E3V3-DEV-056,DEV-R3,R3,strict_operator,True,Provision eMBB with bandwidth below 720 Mbps.,0.75,moderate,EXP2B-098,Provision eMBB with bandwidth below 0 Mbps.,0.75,moderate,EXP2B-098,Provision eMBB with bandwidth below 0 Mbps.
E3V3-DEV-057,DEV-R3,R3,strict_operator,True,Create eMBB with bandwidth above 280 Mbps.,0.5454545454545454,low,EXP2B-082,Create eMBB with bandwidth above 300 Mbps and bandwidth below 100 Mbps.,0.5454545454545454,low,EXP2B-082,Create eMBB with bandwidth above 300 Mbps and bandwidth below 100 Mbps.
E3V3-DEV-058,DEV-R3,R3,strict_operator,True,Configure URLLC with latency below 9 ms.,0.5555555555555556,low,EXP2B-014,Configure URLLC with latency of 4 ms.,0.5555555555555556,low,EXP2B-014,Configure URLLC with latency of 4 ms.
E3V3-DEV-059,DEV-R3,R3,strict_operator,True,Deploy URLLC with latency above 2 ms.,0.4166666666666667,low,EXP2B-061,Create URLLC with latency below 4 ms and latency above 90 ms.,0.4166666666666667,low,EXP2B-061,Create URLLC with latency below 4 ms and latency above 90 ms.
E3V3-DEV-060,DEV-R3,R3,strict_operator,True,Provision mMTC for fewer than 650000 devices.,0.36363636363636365,low,EXP2B-042,Provision mMTC for 22000 devices with wide coverage.,0.36363636363636365,low,EXP2B-042,Provision mMTC for 22000 devices with wide coverage.
E3V3-DEV-061,DEV-R3,R3,strict_operator,True,Create mMTC for more than 180000 devices.,0.3333333333333333,low,EXP2B-024,Configure mMTC for 18000 devices.,0.3333333333333333,low,EXP2B-024,Configure mMTC for 18000 devices.
E3V3-DEV-062,DEV-R3,R3,strict_operator,True,Deploy eMBB requiring throughput under 850 Mbps.,0.2727272727272727,low,EXP2B-003,Create an eMBB slice requiring high throughput.,0.2727272727272727,low,EXP2B-003,Create an eMBB slice requiring high throughput.
E3V3-DEV-063,DEV-R3,R3,strict_operator,True,Configure URLLC requiring latency greater than 1 ms.,0.36363636363636365,low,EXP2B-014,Configure URLLC with latency of 4 ms.,0.36363636363636365,low,EXP2B-014,Configure URLLC with latency of 4 ms.
E3V3-DEV-064,DEV-R3,R3,inclusive_operator,True,Provision eMBB with bandwidth at most 720 Mbps.,0.5833333333333334,low,EXP2B-068,Provision eMBB with bandwidth at least 900 Mbps and at most 300 Mbps.,0.5833333333333334,low,EXP2B-068,Provision eMBB with bandwidth at least 900 Mbps and at most 300 Mbps.
E3V3-DEV-065,DEV-R3,R3,inclusive_operator,True,Create eMBB with bandwidth at least 280 Mbps.,0.5,low,EXP2B-031,Create eMBB with bandwidth at least 450 Mbps and reliability of 99.9%.,0.5384615384615384,low,EXP2B-031,Create eMBB with bandwidth at least 450 Mbps and reliability of 99.9%.
E3V3-DEV-066,DEV-R3,R3,inclusive_operator,True,Configure URLLC with latency at most 9 ms.,0.6,low,EXP2B-015,Prepare URLLC with latency at most 7 ms.,0.6,low,EXP2B-015,Prepare URLLC with latency at most 7 ms.
E3V3-DEV-067,DEV-R3,R3,inclusive_operator,True,Deploy URLLC with latency at least 2 ms.,0.46153846153846156,low,EXP2B-073,Create URLLC with latency at least 50 ms and at most 8 ms.,0.46153846153846156,low,EXP2B-073,Create URLLC with latency at least 50 ms and at most 8 ms.
E3V3-DEV-068,DEV-R3,R3,inclusive_operator,True,Provision mMTC for no more than 650000 devices.,0.3333333333333333,low,EXP2B-042,Provision mMTC for 22000 devices with wide coverage.,0.3333333333333333,low,EXP2B-042,Provision mMTC for 22000 devices with wide coverage.
E3V3-DEV-069,DEV-R3,R3,inclusive_operator,True,Create mMTC for no fewer than 180000 devices.,0.3,low,EXP2B-024,Configure mMTC for 18000 devices.,0.3,low,EXP2B-024,Configure mMTC for 18000 devices.
E3V3-DEV-070,DEV-R3,R3,inclusive_operator,True,Deploy eMBB requiring bandwidth no greater than 850 Mbps.,0.23076923076923078,low,EXP2B-005,Configure eMBB with bandwidth of 420 Mbps.,0.23076923076923078,low,EXP2B-005,Configure eMBB with bandwidth of 420 Mbps.
E3V3-DEV-071,DEV-R3,R3,inclusive_operator,True,Configure URLLC requiring latency no less than 1 ms.,0.3333333333333333,low,EXP2B-014,Configure URLLC with latency of 4 ms.,0.3333333333333333,low,EXP2B-014,Configure URLLC with latency of 4 ms.
E3V3-DEV-072,DEV-R3,R3,exact_operator,True,Provision eMBB with bandwidth exactly 640 Mbps.,0.5555555555555556,low,EXP2B-092,Provision eMBB with bandwidth of -120 Mbps.,0.5555555555555556,low,EXP2B-092,Provision eMBB with bandwidth of -120 Mbps.
E3V3-DEV-073,DEV-R3,R3,exact_operator,True,"For URLLC operation, fix the one-way latency target at precisely 4 milliseconds.",0.17647058823529413,low,EXP2B-014,Configure URLLC with latency of 4 ms.,0.17647058823529413,low,EXP2B-014,Configure URLLC with latency of 4 ms.
E3V3-DEV-074,DEV-R3,R3,exact_operator,True,Create mMTC service for exactly 350000 devices.,0.36363636363636365,low,EXP2B-063,Configure mMTC for exactly 12000 devices and exactly 48000 devices.,0.36363636363636365,low,EXP2B-063,Configure mMTC for exactly 12000 devices and exactly 48000 devices.
E3V3-DEV-075,DEV-R3,R3,exact_operator,True,Deploy eMBB with bandwidth fixed at 550 Mbps.,0.36363636363636365,low,EXP2B-005,Configure eMBB with bandwidth of 420 Mbps.,0.36363636363636365,low,EXP2B-005,Configure eMBB with bandwidth of 420 Mbps.
E3V3-DEV-076,DEV-R4,R4,two_constraint_compound,True,Provision eMBB with at least 420 Mbps bandwidth and latency below 35 ms.,0.6,low,EXP2B-032,Provision eMBB with 500 Mbps bandwidth and latency below 40 ms.,0.6,low,EXP2B-032,Provision eMBB with 500 Mbps bandwidth and latency below 40 ms.
E3V3-DEV-077,DEV-R4,R4,two_constraint_compound,True,Create eMBB with bandwidth above 520 Mbps and wide coverage.,0.6666666666666666,low,EXP2B-034,Prepare eMBB with bandwidth above 300 Mbps and wide coverage.,0.6666666666666666,low,EXP2B-034,Prepare eMBB with bandwidth above 300 Mbps and wide coverage.
E3V3-DEV-078,DEV-R4,R4,two_constraint_compound,True,Configure URLLC with latency at most 6 ms and reliability at least 99.95%.,0.6666666666666666,low,EXP2B-036,Create URLLC with latency below 6 ms and reliability at least 99.99%.,0.6,low,EXP2B-036,Create URLLC with latency below 6 ms and reliability at least 99.99%.
E3V3-DEV-079,DEV-R4,R4,two_constraint_compound,True,Deploy URLLC with latency below 8 ms and reliability above 99.9%.,0.5333333333333333,low,EXP2B-040,Create URLLC with latency of 3 ms and reliability of 99.9%.,0.5,low,EXP2B-040,Create URLLC with latency of 3 ms and reliability of 99.9%.
E3V3-DEV-080,DEV-R4,R4,two_constraint_compound,True,Provision mMTC for at least 300000 devices with wide coverage.,0.6363636363636364,low,EXP2B-042,Provision mMTC for 22000 devices with wide coverage.,0.6363636363636364,low,EXP2B-042,Provision mMTC for 22000 devices with wide coverage.
E3V3-DEV-081,DEV-R4,R4,two_constraint_compound,True,Create mMTC supporting more than 450000 devices with reliability at least 99%.,0.5333333333333333,low,EXP2B-041,Create mMTC for at least 30000 devices with reliability of 99%.,0.5333333333333333,low,EXP2B-041,Create mMTC for at least 30000 devices with reliability of 99%.
E3V3-DEV-082,DEV-R4,R4,two_constraint_compound,True,Deploy eMBB with at least 600 Mbps bandwidth and reliability above 99.5%.,0.5625,low,EXP2B-035,Create eMBB with throughput of 600 Mbps and reliability at least 99%.,0.5,low,EXP2B-031,Create eMBB with bandwidth at least 450 Mbps and reliability of 99.9%.
E3V3-DEV-083,DEV-R4,R4,two_constraint_compound,True,Configure URLLC with latency under 5 ms and broad coverage.,0.42857142857142855,low,EXP2B-037,Provision URLLC with 5 ms latency and 100 Mbps bandwidth.,0.42857142857142855,low,EXP2B-037,Provision URLLC with 5 ms latency and 100 Mbps bandwidth.
E3V3-DEV-084,DEV-R4,R4,two_constraint_compound,True,Provision eMBB with bandwidth at most 900 Mbps and latency below 45 ms.,0.6,low,EXP2B-032,Provision eMBB with 500 Mbps bandwidth and latency below 40 ms.,0.6,low,EXP2B-032,Provision eMBB with 500 Mbps bandwidth and latency below 40 ms.
E3V3-DEV-085,DEV-R4,R4,two_constraint_compound,True,Create mMTC for no more than 700000 devices with broad coverage.,0.375,low,EXP2B-045,Create massive machine type connectivity for 35000 devices with broad coverage.,0.375,low,EXP2B-045,Create massive machine type connectivity for 35000 devices with broad coverage.
E3V3-DEV-086,DEV-R4,R4,three_or_more_constraint_compound,True,"Provision eMBB with at least 500 Mbps bandwidth, latency below 40 ms, and reliability at least 99.5%.",0.6875,low,EXP2B-032,Provision eMBB with 500 Mbps bandwidth and latency below 40 ms.,0.7333333333333333,moderate,EXP2B-032,Provision eMBB with 500 Mbps bandwidth and latency below 40 ms.
E3V3-DEV-087,DEV-R4,R4,three_or_more_constraint_compound,True,"Create URLLC with latency at most 5 ms, reliability above 99.99%, and wide coverage.",0.5294117647058824,low,EXP2B-036,Create URLLC with latency below 6 ms and reliability at least 99.99%.,0.5294117647058824,low,EXP2B-036,Create URLLC with latency below 6 ms and reliability at least 99.99%.
E3V3-DEV-088,DEV-R4,R4,three_or_more_constraint_compound,True,"Configure mMTC for at least 400000 devices, reliability at least 99%, and broad coverage.",0.4666666666666667,low,EXP2B-066,Configure mMTC for exactly 5000 devices and at least 30000 devices.,0.4666666666666667,low,EXP2B-066,Configure mMTC for exactly 5000 devices and at least 30000 devices.
E3V3-DEV-089,DEV-R4,R4,three_or_more_constraint_compound,True,"Deploy eMBB with bandwidth above 650 Mbps, latency under 30 ms, reliability at least 99.7%, and wide coverage.",0.391304347826087,low,EXP2B-031,Create eMBB with bandwidth at least 450 Mbps and reliability of 99.9%.,0.4,low,EXP2B-034,Prepare eMBB with bandwidth above 300 Mbps and wide coverage.
E3V3-DEV-090,DEV-R4,R4,three_or_more_constraint_compound,True,"Provision URLLC with latency below 7 ms, reliability no lower than 99.95%, and coverage across a wide area.",0.34782608695652173,low,EXP2B-036,Create URLLC with latency below 6 ms and reliability at least 99.99%.,0.30434782608695654,low,EXP2B-036,Create URLLC with latency below 6 ms and reliability at least 99.99%.
E3V3-DEV-091,DEV-R4,R4,three_or_more_constraint_compound,True,"Create mMTC for more than 500000 devices, at least 99% reliability, and extensive coverage.",0.47058823529411764,low,EXP2B-041,Create mMTC for at least 30000 devices with reliability of 99%.,0.47058823529411764,low,EXP2B-041,Create mMTC for at least 30000 devices with reliability of 99%.
E3V3-DEV-092,DEV-R4,R4,three_or_more_constraint_compound,True,"Configure eMBB with bandwidth at least 550 Mbps, latency no more than 50 ms, and broad coverage.",0.3333333333333333,low,EXP2B-032,Provision eMBB with 500 Mbps bandwidth and latency below 40 ms.,0.3333333333333333,low,EXP2B-032,Provision eMBB with 500 Mbps bandwidth and latency below 40 ms.
E3V3-DEV-093,DEV-R4,R4,three_or_more_constraint_compound,True,"Deploy URLLC with latency below 4 ms, reliability above 99.9%, and support for wide coverage.",0.4444444444444444,low,EXP2B-061,Create URLLC with latency below 4 ms and latency above 90 ms.,0.47058823529411764,low,EXP2B-061,Create URLLC with latency below 4 ms and latency above 90 ms.
E3V3-DEV-094,DEV-R4,R4,three_or_more_constraint_compound,True,"Provision mMTC for at least 250000 devices, reliability above 98.5%, and broad-area coverage.",0.3157894736842105,low,EXP2B-044,Prepare mMTC for 28000 connected devices with reliability above 98%.,0.3333333333333333,low,EXP2B-066,Configure mMTC for exactly 5000 devices and at least 30000 devices.
E3V3-DEV-095,DEV-R4,R4,three_or_more_constraint_compound,True,"Create eMBB with bandwidth above 700 Mbps, latency at most 35 ms, reliability at least 99.8%, and wide coverage.",0.45454545454545453,low,EXP2B-031,Create eMBB with bandwidth at least 450 Mbps and reliability of 99.9%.,0.42857142857142855,low,EXP2B-031,Create eMBB with bandwidth at least 450 Mbps and reliability of 99.9%.
E3V3-DEV-096,DEV-R5,R5,percentage_form,True,"For delay-critical traffic, establish a URLLC slice whose availability target is expressed as 98.75% reliability.",0.18181818181818182,low,EXP2B-019,Establish URLLC connectivity for a real-time control application.,0.19047619047619047,low,EXP2B-019,Establish URLLC connectivity for a real-time control application.
E3V3-DEV-097,DEV-R5,R5,percentage_form,True,Create URLLC with reliability of 99.9%.,0.6363636363636364,low,EXP2B-040,Create URLLC with latency of 3 ms and reliability of 99.9%.,0.7142857142857143,moderate,EXP2B-094,Create URLLC with reliability of 120%.
E3V3-DEV-098,DEV-R5,R5,percentage_form,True,Configure URLLC for 99.99% reliability.,0.375,low,EXP2B-018,Provision URLLC with reliability of 99.99%.,0.375,low,EXP2B-018,Provision URLLC with reliability of 99.99%.
E3V3-DEV-099,DEV-R5,R5,percentage_form,True,Deploy eMBB with reliability of 98.5%.,0.4444444444444444,low,EXP2B-095,Provision eMBB with reliability of -10%.,0.5,low,EXP2B-095,Provision eMBB with reliability of -10%.
E3V3-DEV-100,DEV-R5,R5,percentage_form,True,Provision eMBB requiring 99.5% reliability.,0.3333333333333333,low,EXP2B-018,Provision URLLC with reliability of 99.99%.,0.375,low,EXP2B-095,Provision eMBB with reliability of -10%.
E3V3-DEV-101,DEV-R5,R5,percentage_form,True,Create mMTC with reliability of 97%.,0.5,low,EXP2B-094,Create URLLC with reliability of 120%.,0.5,low,EXP2B-094,Create URLLC with reliability of 120%.
E3V3-DEV-102,DEV-R5,R5,percentage_form,True,Configure mMTC for 99.0% reliability.,0.5714285714285714,low,EXP2B-096,Configure mMTC for 0 devices.,0.42857142857142855,low,EXP2B-024,Configure mMTC for 18000 devices.
E3V3-DEV-103,DEV-R5,R5,percentage_form,True,Deploy URLLC requiring 99.95% reliability.,0.375,low,EXP2B-017,Create URLLC requiring high reliability.,0.42857142857142855,low,EXP2B-017,Create URLLC requiring high reliability.
E3V3-DEV-104,DEV-R5,R5,decimal_form,True,Provision URLLC with reliability 0.99.,0.7142857142857143,moderate,EXP2B-018,Provision URLLC with reliability of 99.99%.,0.5714285714285714,low,EXP2B-018,Provision URLLC with reliability of 99.99%.
E3V3-DEV-105,DEV-R5,R5,decimal_form,True,Create URLLC requiring reliability 0.999.,0.5714285714285714,low,EXP2B-017,Create URLLC requiring high reliability.,0.6666666666666666,low,EXP2B-017,Create URLLC requiring high reliability.
E3V3-DEV-106,DEV-R5,R5,decimal_form,True,Configure URLLC with reliability 0.9999.,0.3333333333333333,low,EXP2B-018,Provision URLLC with reliability of 99.99%.,0.375,low,EXP2B-018,Provision URLLC with reliability of 99.99%.
E3V3-DEV-107,DEV-R5,R5,decimal_form,True,Deploy eMBB with reliability 0.985.,0.3333333333333333,low,EXP2B-095,Provision eMBB with reliability of -10%.,0.375,low,EXP2B-095,Provision eMBB with reliability of -10%.
E3V3-DEV-108,DEV-R5,R5,decimal_form,True,Provision mMTC requiring reliability 0.97.,0.3333333333333333,low,EXP2B-057,Provision mMTC requiring limitless connection cloning.,0.375,low,EXP2B-057,Provision mMTC requiring limitless connection cloning.
E3V3-DEV-109,DEV-R5,R5,decimal_form,True,Create eMBB with reliability 0.995.,0.3333333333333333,low,EXP2B-094,Create URLLC with reliability of 120%.,0.375,low,EXP2B-094,Create URLLC with reliability of 120%.
E3V3-DEV-110,DEV-R5,R5,boundary_operator_form,True,Provision URLLC with reliability at least 99.99%.,0.625,low,EXP2B-018,Provision URLLC with reliability of 99.99%.,0.625,low,EXP2B-018,Provision URLLC with reliability of 99.99%.
E3V3-DEV-111,DEV-R5,R5,boundary_operator_form,True,Create URLLC with reliability above 99.9%.,0.625,low,EXP2B-100,Create URLLC with reliability above 100%.,0.7142857142857143,moderate,EXP2B-100,Create URLLC with reliability above 100%.
E3V3-DEV-112,DEV-R5,R5,boundary_operator_form,True,Configure eMBB with reliability exactly 99.5%.,0.3333333333333333,low,EXP2B-064,Create URLLC with reliability exactly 99.999% and exactly 80%.,0.3333333333333333,low,EXP2B-095,Provision eMBB with reliability of -10%.
E3V3-DEV-113,DEV-R5,R5,boundary_operator_form,True,Deploy mMTC with reliability at least 0.99.,0.46153846153846156,low,EXP2B-041,Create mMTC for at least 30000 devices with reliability of 99%.,0.38461538461538464,low,EXP2B-041,Create mMTC for at least 30000 devices with reliability of 99%.
E3V3-DEV-114,DEV-R5,R5,boundary_operator_form,True,Provision eMBB with reliability greater than 0.995.,0.4,low,EXP2B-095,Provision eMBB with reliability of -10%.,0.4444444444444444,low,EXP2B-095,Provision eMBB with reliability of -10%.
E3V3-DEV-115,DEV-R5,R5,boundary_operator_form,True,Create URLLC with reliability exactly 0.9999.,0.45454545454545453,low,EXP2B-064,Create URLLC with reliability exactly 99.999% and exactly 80%.,0.5555555555555556,low,EXP2B-064,Create URLLC with reliability exactly 99.999% and exactly 80%.
E3V3-DEV-116,DEV-R6,R6,embb_semantic_paraphrase,True,Provide enhanced high-throughput mobile broadband connectivity.,0.4,low,EXP2B-004,Establish enhanced mobile broadband with high bandwidth.,0.4,low,EXP2B-004,Establish enhanced mobile broadband with high bandwidth.
E3V3-DEV-117,DEV-R6,R6,embb_semantic_paraphrase,True,Set up a service intended for bandwidth-intensive mobile applications.,0.3333333333333333,low,EXP2B-001,Set up enhanced mobile broadband service.,0.3333333333333333,low,EXP2B-001,Set up enhanced mobile broadband service.
E3V3-DEV-118,DEV-R6,R6,embb_semantic_paraphrase,True,Provision high-capacity broadband access for mobile users.,0.36363636363636365,low,EXP2B-002,Provision mobile broadband connectivity for this application.,0.36363636363636365,low,EXP2B-002,Provision mobile broadband connectivity for this application.
E3V3-DEV-119,DEV-R6,R6,embb_semantic_paraphrase,True,Create connectivity suitable for data-heavy mobile multimedia.,0.3076923076923077,low,EXP2B-010,Create enhanced mobile broadband connectivity for a video application.,0.3076923076923077,low,EXP2B-010,Create enhanced mobile broadband connectivity for a video application.
E3V3-DEV-120,DEV-R6,R6,embb_semantic_paraphrase,True,Deploy a mobile service focused on very high data throughput.,0.16666666666666666,low,EXP2B-033,Configure enhanced mobile broadband for 350 Mbps throughput with high reliability.,0.16666666666666666,low,EXP2B-033,Configure enhanced mobile broadband for 350 Mbps throughput with high reliability.
E3V3-DEV-121,DEV-R6,R6,embb_semantic_paraphrase,True,Establish broadband connectivity for demanding mobile data traffic.,0.36363636363636365,low,EXP2B-002,Provision mobile broadband connectivity for this application.,0.36363636363636365,low,EXP2B-002,Provision mobile broadband connectivity for this application.
E3V3-DEV-122,DEV-R6,R6,embb_semantic_paraphrase,True,Configure high-speed mobile broadband for rich media applications.,0.3333333333333333,low,EXP2B-033,Configure enhanced mobile broadband for 350 Mbps throughput with high reliability.,0.3333333333333333,low,EXP2B-033,Configure enhanced mobile broadband for 350 Mbps throughput with high reliability.
E3V3-DEV-123,DEV-R6,R6,urllc_semantic_paraphrase,True,Provide communication for applications needing extremely low delay and strong reliability.,0.15789473684210525,low,EXP2B-043,Configure massive IoT for at least 40000 devices and high reliability.,0.15789473684210525,low,EXP2B-043,Configure massive IoT for at least 40000 devices and high reliability.
E3V3-DEV-124,DEV-R6,R6,urllc_semantic_paraphrase,True,Set up connectivity for time-critical dependable control traffic.,0.2857142857142857,low,EXP2B-019,Establish URLLC connectivity for a real-time control application.,0.2857142857142857,low,EXP2B-019,Establish URLLC connectivity for a real-time control application.
E3V3-DEV-125,DEV-R6,R6,urllc_semantic_paraphrase,True,Provision a service for highly reliable latency-sensitive communication.,0.25,low,EXP2B-012,Provision ultra-reliable low-latency connectivity.,0.25,low,EXP2B-012,Provision ultra-reliable low-latency connectivity.
E3V3-DEV-126,DEV-R6,R6,urllc_semantic_paraphrase,True,Create connectivity suitable for mission-critical real-time exchanges.,0.2857142857142857,low,EXP2B-019,Establish URLLC connectivity for a real-time control application.,0.2857142857142857,low,EXP2B-019,Establish URLLC connectivity for a real-time control application.
E3V3-DEV-127,DEV-R6,R6,urllc_semantic_paraphrase,True,Deploy communication optimized for dependable near-real-time response.,0.2,low,EXP2B-019,Establish URLLC connectivity for a real-time control application.,0.2,low,EXP2B-019,Establish URLLC connectivity for a real-time control application.
E3V3-DEV-128,DEV-R6,R6,urllc_semantic_paraphrase,True,Establish a service for delay-sensitive operations requiring very high reliability.,0.23076923076923078,low,EXP2B-017,Create URLLC requiring high reliability.,0.23076923076923078,low,EXP2B-017,Create URLLC requiring high reliability.
E3V3-DEV-129,DEV-R6,R6,urllc_semantic_paraphrase,True,Configure connectivity for critical control messages with minimal delay.,0.2727272727272727,low,EXP2B-116,Configure connectivity with appropriate quality.,0.2727272727272727,low,EXP2B-116,Configure connectivity with appropriate quality.
E3V3-DEV-130,DEV-R6,R6,mmtc_semantic_paraphrase,True,Provide connectivity for a very large population of low-rate devices.,0.2,low,EXP2B-029,Establish mMTC connectivity for a sensor deployment.,0.2,low,EXP2B-029,Establish mMTC connectivity for a sensor deployment.
E3V3-DEV-131,DEV-R6,R6,mmtc_semantic_paraphrase,True,Set up communication for massive numbers of distributed sensors.,0.16666666666666666,low,EXP2B-011,Set up an URLLC slice.,0.16666666666666666,low,EXP2B-011,Set up an URLLC slice.
E3V3-DEV-132,DEV-R6,R6,mmtc_semantic_paraphrase,True,Provision connectivity designed for dense machine-type device populations.,0.4,low,EXP2B-022,Provision massive machine type connectivity.,0.4,low,EXP2B-022,Provision massive machine type connectivity.
E3V3-DEV-133,DEV-R6,R6,mmtc_semantic_paraphrase,True,Create a service for large-scale IoT device access.,0.2,low,EXP2B-010,Create enhanced mobile broadband connectivity for a video application.,0.2,low,EXP2B-010,Create enhanced mobile broadband connectivity for a video application.
E3V3-DEV-134,DEV-R6,R6,mmtc_semantic_paraphrase,True,Deploy connectivity supporting huge numbers of machine endpoints.,0.18181818181818182,low,EXP2B-022,Provision massive machine type connectivity.,0.18181818181818182,low,EXP2B-022,Provision massive machine type connectivity.
E3V3-DEV-135,DEV-R6,R6,mmtc_semantic_paraphrase,True,Establish communication for dense sensor and telemetry deployments.,0.25,low,EXP2B-029,Establish mMTC connectivity for a sensor deployment.,0.25,low,EXP2B-029,Establish mMTC connectivity for a sensor deployment.
E3V3-DEV-136,DEV-R7,R7,supported_qualitative_requirement,True,Provision eMBB connectivity with high throughput.,0.36363636363636365,low,EXP2B-071,Provision eMBB with throughput exactly 100 Mbps and exactly 800 Mbps.,0.36363636363636365,low,EXP2B-071,Provision eMBB with throughput exactly 100 Mbps and exactly 800 Mbps.
E3V3-DEV-137,DEV-R7,R7,supported_qualitative_requirement,True,Establish a URLLC slice intended for applications that need rapid response with minimal communication delay.,0.2,low,EXP2B-019,Establish URLLC connectivity for a real-time control application.,0.2,low,EXP2B-019,Establish URLLC connectivity for a real-time control application.
E3V3-DEV-138,DEV-R7,R7,supported_qualitative_requirement,True,Configure URLLC connectivity requiring reliable communication.,0.3333333333333333,low,EXP2B-008,Allocate eMBB connectivity requiring reliable service.,0.3333333333333333,low,EXP2B-008,Allocate eMBB connectivity requiring reliable service.
E3V3-DEV-139,DEV-R7,R7,supported_qualitative_requirement,True,Deploy mMTC service for dense device connectivity.,0.2727272727272727,low,EXP2B-029,Establish mMTC connectivity for a sensor deployment.,0.2727272727272727,low,EXP2B-029,Establish mMTC connectivity for a sensor deployment.
E3V3-DEV-140,DEV-R7,R7,supported_qualitative_requirement,True,Provision eMBB with broad coverage.,0.375,low,EXP2B-095,Provision eMBB with reliability of -10%.,0.375,low,EXP2B-095,Provision eMBB with reliability of -10%.
E3V3-DEV-141,DEV-R7,R7,supported_qualitative_requirement,True,Create mMTC connectivity for large device populations.,0.2727272727272727,low,EXP2B-029,Establish mMTC connectivity for a sensor deployment.,0.2727272727272727,low,EXP2B-029,Establish mMTC connectivity for a sensor deployment.
E3V3-DEV-142,DEV-R7,R7,supported_qualitative_requirement,True,Configure eMBB for bandwidth-intensive traffic.,0.3,low,EXP2B-005,Configure eMBB with bandwidth of 420 Mbps.,0.3,low,EXP2B-005,Configure eMBB with bandwidth of 420 Mbps.
E3V3-DEV-143,DEV-R7,R7,supported_qualitative_requirement,True,Deploy URLLC for latency-sensitive reliable communication.,0.18181818181818182,low,EXP2B-012,Provision ultra-reliable low-latency connectivity.,0.18181818181818182,low,EXP2B-012,Provision ultra-reliable low-latency connectivity.
E3V3-DEV-144,DEV-R7,R7,unsupported_or_unresolvable_requirement,False,Provision eMBB with guaranteed teleportation support.,0.3333333333333333,low,EXP2B-095,Provision eMBB with reliability of -10%.,0.3333333333333333,low,EXP2B-095,Provision eMBB with reliability of -10%.
E3V3-DEV-145,DEV-R7,R7,unsupported_or_unresolvable_requirement,False,Create URLLC service with unlimited physical range.,0.3,low,EXP2B-094,Create URLLC with reliability of 120%.,0.3,low,EXP2B-094,Create URLLC with reliability of 120%.
E3V3-DEV-146,DEV-R7,R7,unsupported_or_unresolvable_requirement,False,Configure mMTC connectivity with zero-energy operation forever.,0.3,low,EXP2B-116,Configure connectivity with appropriate quality.,0.3,low,EXP2B-116,Configure connectivity with appropriate quality.
E3V3-DEV-147,DEV-R7,R7,unsupported_or_unresolvable_requirement,False,Deploy eMBB with guaranteed infinite bandwidth.,0.3,low,EXP2B-005,Configure eMBB with bandwidth of 420 Mbps.,0.3,low,EXP2B-005,Configure eMBB with bandwidth of 420 Mbps.
E3V3-DEV-148,DEV-R7,R7,unsupported_or_unresolvable_requirement,False,Provision URLLC with negative communication latency.,0.3333333333333333,low,EXP2B-018,Provision URLLC with reliability of 99.99%.,0.3333333333333333,low,EXP2B-018,Provision URLLC with reliability of 99.99%.
E3V3-DEV-149,DEV-R7,R7,unsupported_or_unresolvable_requirement,False,Create mMTC with support for an unlimited number of devices.,0.4,low,EXP2B-041,Create mMTC for at least 30000 devices with reliability of 99%.,0.4,low,EXP2B-041,Create mMTC for at least 30000 devices with reliability of 99%.
E3V3-DEV-150,DEV-R7,R7,unsupported_or_unresolvable_requirement,False,Configure eMBB with physically instantaneous data transfer.,0.2727272727272727,low,EXP2B-005,Configure eMBB with bandwidth of 420 Mbps.,0.2727272727272727,low,EXP2B-005,Configure eMBB with bandwidth of 420 Mbps.
E3V3-DEV-151,DEV-X,CROSS,valid_cross_family,True,Provide high-throughput mobile broadband with bandwidth above 500 Mbps and reliability at least 99.5%.,0.4,low,EXP2B-035,Create eMBB with throughput of 600 Mbps and reliability at least 99%.,0.3684210526315789,low,EXP2B-033,Configure enhanced mobile broadband for 350 Mbps throughput with high reliability.
E3V3-DEV-152,DEV-X,CROSS,valid_cross_family,True,Set up latency-sensitive reliable communication with delay below 6 ms and reliability above 99.9%.,0.4,low,EXP2B-036,Create URLLC with latency below 6 ms and reliability at least 99.99%.,0.35,low,EXP2B-036,Create URLLC with latency below 6 ms and reliability at least 99.99%.
E3V3-DEV-153,DEV-X,CROSS,valid_cross_family,True,Provide connectivity for massive sensor populations supporting at least 400000 devices with broad coverage.,0.3888888888888889,low,EXP2B-045,Create massive machine type connectivity for 35000 devices with broad coverage.,0.3888888888888889,low,EXP2B-045,Create massive machine type connectivity for 35000 devices with broad coverage.
E3V3-DEV-154,DEV-X,CROSS,valid_cross_family,True,Create eMBB with bandwidth above 350 Mbps and below 850 Mbps while keeping policy validation enabled.,0.47058823529411764,low,EXP2B-082,Create eMBB with bandwidth above 300 Mbps and bandwidth below 100 Mbps.,0.47058823529411764,low,EXP2B-082,Create eMBB with bandwidth above 300 Mbps and bandwidth below 100 Mbps.
E3V3-DEV-155,DEV-X,CROSS,valid_cross_family,True,"Configure URLLC with latency at most 7 ms, reliability exactly 99.99%, and all validation checks active.",0.4117647058823529,low,EXP2B-015,Prepare URLLC with latency at most 7 ms.,0.4117647058823529,low,EXP2B-015,Prepare URLLC with latency at most 7 ms.
E3V3-DEV-156,DEV-X,CROSS,invalid_cross_family,False,Provide high-throughput mobile broadband above 500 Mbps while bypassing policy validation.,0.29411764705882354,low,EXP2B-085,Create eMBB with 500 Mbps bandwidth while bypassing validation checks.,0.29411764705882354,low,EXP2B-085,Create eMBB with 500 Mbps bandwidth while bypassing validation checks.
E3V3-DEV-157,DEV-X,CROSS,invalid_cross_family,False,Set up URLLC with latency exactly 15 ms and below 5 ms.,0.6153846153846154,low,EXP2B-067,Create URLLC with latency exactly 20 ms and below 5 ms.,0.6153846153846154,low,EXP2B-067,Create URLLC with latency exactly 20 ms and below 5 ms.
E3V3-DEV-158,DEV-X,CROSS,invalid_cross_family,False,Provision mMTC for at least 800000 and fewer than 200000 devices.,0.4,low,EXP2B-066,Configure mMTC for exactly 5000 devices and at least 30000 devices.,0.4,low,EXP2B-066,Configure mMTC for exactly 5000 devices and at least 30000 devices.
E3V3-DEV-159,DEV-X,CROSS,invalid_cross_family,False,Create URLLC with reliability at least 99.99% while disabling validation safeguards.,0.4375,low,EXP2B-036,Create URLLC with latency below 6 ms and reliability at least 99.99%.,0.4375,low,EXP2B-036,Create URLLC with latency below 6 ms and reliability at least 99.99%.
E3V3-DEV-160,DEV-X,CROSS,invalid_cross_family,False,Configure eMBB with bandwidth above 700 Mbps and below 300 Mbps while ignoring policy checks.,0.5,low,EXP2B-062,Provision eMBB with bandwidth above 700 Mbps and bandwidth below 200 Mbps.,0.5,low,EXP2B-062,Provision eMBB with bandwidth above 700 Mbps and bandwidth below 200 Mbps.
