pipeline,category,total,rejected,rejection_rate
cir,ambiguous,5,5,1.0
cir,contradictory,3,3,1.0
cir,hallucination_probe,3,0,0.0
cir,incomplete,2,2,1.0
cir,out_of_range,5,5,1.0
cir,prompt_injection,3,3,1.0
cir,unsupported,4,4,1.0
direct,ambiguous,5,5,1.0
direct,contradictory,3,3,1.0
direct,hallucination_probe,3,3,1.0
direct,incomplete,2,2,1.0
direct,out_of_range,5,5,1.0
direct,prompt_injection,3,3,1.0
direct,unsupported,4,4,1.0
proposed,ambiguous,5,5,1.0
proposed,contradictory,3,3,1.0
proposed,hallucination_probe,3,3,1.0
proposed,incomplete,2,2,1.0
proposed,out_of_range,5,5,1.0
proposed,prompt_injection,3,3,1.0
proposed,unsupported,4,4,1.0
