id,category,subcategory,source_intent,accepted,schema_valid,predicted_service,cir_json,validation_errors,classification,free_text_marker_fields,numeric_mapping_hits,source_numeric_literals,historical_cir_json,historical_accepted
EXP2-133,invalid_explicit_unsupported_parameter,unknown_name_value_parameter,Create URLLC with quantum_priority=10.,True,True,URLLC,"{""bandwidth_mbps"": null, ""coverage"": null, ""device_count"": null, ""latency_ms"": null, ""objective"": null, ""reliability"": null, ""service_type"": ""URLLC""}",,DROPPED,[],[],[10.0],"{""service_type"": ""URLLC"", ""latency_ms"": null, ""bandwidth_mbps"": null, ""reliability"": null, ""device_count"": null, ""coverage"": null, ""objective"": null}",True
EXP2-134,invalid_explicit_unsupported_parameter,unknown_name_value_parameter,Create eMBB with teleport_mode=enabled.,True,True,eMBB,"{""bandwidth_mbps"": null, ""coverage"": null, ""device_count"": null, ""latency_ms"": null, ""objective"": null, ""reliability"": null, ""service_type"": ""eMBB""}",,DROPPED,[],[],[],"{""service_type"": ""eMBB"", ""latency_ms"": null, ""bandwidth_mbps"": null, ""reliability"": null, ""device_count"": null, ""coverage"": null, ""objective"": null}",True
EXP2-135,invalid_explicit_unsupported_parameter,unknown_name_value_parameter,Provision mMTC with magic_reliability=1.,True,True,mMTC,"{""bandwidth_mbps"": null, ""coverage"": null, ""device_count"": null, ""latency_ms"": null, ""objective"": null, ""reliability"": 1, ""service_type"": ""mMTC""}",,MAPPED_TO_SUPPORTED_FIELD,[],"[{""field"": ""reliability"", ""value"": 1}]",[1.0],"{""service_type"": ""mMTC"", ""latency_ms"": null, ""bandwidth_mbps"": null, ""reliability"": 1, ""device_count"": null, ""coverage"": null, ""objective"": null}",True
EXP2-136,invalid_explicit_unsupported_parameter,unknown_name_value_parameter,Create URLLC with hyperspeed_level=9.,True,True,URLLC,"{""bandwidth_mbps"": null, ""coverage"": null, ""device_count"": null, ""latency_ms"": null, ""objective"": null, ""reliability"": null, ""service_type"": ""URLLC""}",,DROPPED,[],[],[9.0],"{""service_type"": ""URLLC"", ""latency_ms"": null, ""bandwidth_mbps"": null, ""reliability"": null, ""device_count"": null, ""coverage"": null, ""objective"": null}",True
EXP2-137,invalid_explicit_unsupported_parameter,unknown_name_value_parameter,Provide eMBB with quantum_bandwidth=500.,True,True,eMBB,"{""bandwidth_mbps"": 500, ""coverage"": null, ""device_count"": null, ""latency_ms"": null, ""objective"": null, ""reliability"": null, ""service_type"": ""eMBB""}",,MAPPED_TO_SUPPORTED_FIELD,[],"[{""field"": ""bandwidth_mbps"", ""value"": 500}]",[500.0],"{""service_type"": ""eMBB"", ""latency_ms"": null, ""bandwidth_mbps"": null, ""reliability"": null, ""device_count"": null, ""coverage"": null, ""objective"": null}",True
EXP2-138,invalid_explicit_unsupported_parameter,unknown_name_value_parameter,Create mMTC with teleport_range=100.,True,True,mMTC,"{""bandwidth_mbps"": null, ""coverage"": null, ""device_count"": null, ""latency_ms"": null, ""objective"": null, ""reliability"": null, ""service_type"": ""mMTC""}",,DROPPED,[],[],[100.0],"{""service_type"": ""mMTC"", ""latency_ms"": null, ""bandwidth_mbps"": null, ""reliability"": null, ""device_count"": null, ""coverage"": null, ""objective"": null}",True
EXP2-139,invalid_explicit_unsupported_parameter,unknown_name_value_parameter,Provision URLLC with fictional_qos=7.,True,True,URLLC,"{""bandwidth_mbps"": null, ""coverage"": null, ""device_count"": null, ""latency_ms"": null, ""objective"": null, ""reliability"": null, ""service_type"": ""URLLC""}",,DROPPED,[],[],[7.0],"{""service_type"": ""URLLC"", ""latency_ms"": null, ""bandwidth_mbps"": null, ""reliability"": null, ""device_count"": null, ""coverage"": null, ""objective"": null}",True
EXP2-140,invalid_explicit_unsupported_parameter,unknown_name_value_parameter,Create eMBB with imaginary_priority=high.,True,True,eMBB,"{""bandwidth_mbps"": null, ""coverage"": null, ""device_count"": null, ""latency_ms"": null, ""objective"": null, ""reliability"": null, ""service_type"": ""eMBB""}",,DROPPED,[],[],[],"{""service_type"": ""eMBB"", ""latency_ms"": null, ""bandwidth_mbps"": null, ""reliability"": null, ""device_count"": null, ""coverage"": null, ""objective"": null}",True
EXP2-141,invalid_explicit_unsupported_parameter,unknown_name_value_parameter,Set up mMTC with quantum_mode=active.,True,True,mMTC,"{""bandwidth_mbps"": null, ""coverage"": null, ""device_count"": null, ""latency_ms"": null, ""objective"": null, ""reliability"": null, ""service_type"": ""mMTC""}",,DROPPED,[],[],[],"{""service_type"": ""mMTC"", ""latency_ms"": null, ""bandwidth_mbps"": null, ""reliability"": null, ""device_count"": null, ""coverage"": null, ""objective"": null}",True
EXP2-142,invalid_explicit_unsupported_parameter,unknown_name_value_parameter,Create URLLC with impossible_feature=enabled.,True,True,URLLC,"{""bandwidth_mbps"": null, ""coverage"": null, ""device_count"": null, ""latency_ms"": null, ""objective"": null, ""reliability"": null, ""service_type"": ""URLLC""}",,DROPPED,[],[],[],"{""service_type"": ""URLLC"", ""latency_ms"": null, ""bandwidth_mbps"": null, ""reliability"": null, ""device_count"": null, ""coverage"": null, ""objective"": null}",True
EXP2-143,invalid_explicit_unsupported_parameter,unknown_name_value_parameter,Provision eMBB with hyperspace_route=1.,True,True,eMBB,"{""bandwidth_mbps"": null, ""coverage"": null, ""device_count"": null, ""latency_ms"": null, ""objective"": null, ""reliability"": null, ""service_type"": ""eMBB""}",,DROPPED,[],[],[1.0],"{""service_type"": ""eMBB"", ""latency_ms"": null, ""bandwidth_mbps"": null, ""reliability"": null, ""device_count"": null, ""coverage"": null, ""objective"": null}",True
EXP2-144,invalid_explicit_unsupported_parameter,unknown_name_value_parameter,Create mMTC with fictional_parameter=42.,True,True,mMTC,"{""bandwidth_mbps"": 42, ""coverage"": null, ""device_count"": null, ""latency_ms"": null, ""objective"": null, ""reliability"": null, ""service_type"": ""mMTC""}",,MAPPED_TO_SUPPORTED_FIELD,[],"[{""field"": ""bandwidth_mbps"", ""value"": 42}]",[42.0],"{""service_type"": ""mMTC"", ""latency_ms"": null, ""bandwidth_mbps"": null, ""reliability"": null, ""device_count"": null, ""coverage"": null, ""objective"": null}",True
EXP2-145,invalid_implicit_unsupported_parameter,unsupported_natural_language_parameter,Create URLLC and give it quantum priority.,True,True,URLLC,"{""bandwidth_mbps"": null, ""coverage"": null, ""device_count"": null, ""latency_ms"": null, ""objective"": ""quantum priority"", ""reliability"": null, ""service_type"": ""URLLC""}",,PRESERVED_AS_TEXT,"[""objective""]",[],[],"{""service_type"": ""URLLC"", ""latency_ms"": null, ""bandwidth_mbps"": null, ""reliability"": null, ""device_count"": null, ""coverage"": null, ""objective"": ""quantum priority""}",True
EXP2-146,invalid_implicit_unsupported_parameter,unsupported_natural_language_parameter,Provision eMBB using teleportation-based bandwidth acceleration.,True,True,eMBB,"{""bandwidth_mbps"": null, ""coverage"": null, ""device_count"": null, ""latency_ms"": null, ""objective"": null, ""reliability"": null, ""service_type"": ""eMBB""}",,DROPPED,[],[],[],"{""service_type"": ""eMBB"", ""latency_ms"": null, ""bandwidth_mbps"": null, ""reliability"": null, ""device_count"": null, ""coverage"": null, ""objective"": null}",True
EXP2-147,invalid_implicit_unsupported_parameter,unsupported_natural_language_parameter,Create mMTC with magical reliability enhancement.,True,True,mMTC,"{""bandwidth_mbps"": null, ""coverage"": null, ""device_count"": null, ""latency_ms"": null, ""objective"": null, ""reliability"": null, ""service_type"": ""mMTC""}",,DROPPED,[],[],[],"{""service_type"": ""mMTC"", ""latency_ms"": null, ""bandwidth_mbps"": null, ""reliability"": null, ""device_count"": null, ""coverage"": null, ""objective"": null}",True
EXP2-148,invalid_implicit_unsupported_parameter,unsupported_natural_language_parameter,Give this URLLC slice hyperspace scheduling priority.,True,True,URLLC,"{""bandwidth_mbps"": null, ""coverage"": null, ""device_count"": null, ""latency_ms"": null, ""objective"": null, ""reliability"": null, ""service_type"": ""URLLC""}",,DROPPED,[],[],[],"{""service_type"": ""URLLC"", ""latency_ms"": null, ""bandwidth_mbps"": null, ""reliability"": null, ""device_count"": null, ""coverage"": null, ""objective"": null}",True
EXP2-149,invalid_implicit_unsupported_parameter,unsupported_natural_language_parameter,Create eMBB using a quantum bandwidth mode.,True,True,eMBB,"{""bandwidth_mbps"": null, ""coverage"": null, ""device_count"": null, ""latency_ms"": null, ""objective"": null, ""reliability"": null, ""service_type"": ""eMBB""}",,DROPPED,[],[],[],"{""service_type"": ""eMBB"", ""latency_ms"": null, ""bandwidth_mbps"": null, ""reliability"": null, ""device_count"": null, ""coverage"": null, ""objective"": null}",True
EXP2-150,invalid_implicit_unsupported_parameter,unsupported_natural_language_parameter,Provision mMTC with teleportation coverage enhancement.,True,True,mMTC,"{""bandwidth_mbps"": null, ""coverage"": ""teleportation"", ""device_count"": null, ""latency_ms"": null, ""objective"": null, ""reliability"": null, ""service_type"": ""mMTC""}",,PRESERVED_AS_TEXT,"[""coverage""]",[],[],"{""service_type"": ""mMTC"", ""latency_ms"": null, ""bandwidth_mbps"": null, ""reliability"": null, ""device_count"": null, ""coverage"": ""teleportation"", ""objective"": null}",True
EXP2-151,invalid_implicit_unsupported_parameter,unsupported_natural_language_parameter,Apply a fictional QoS class to this URLLC service.,True,True,URLLC,"{""bandwidth_mbps"": null, ""coverage"": null, ""device_count"": null, ""latency_ms"": null, ""objective"": null, ""reliability"": null, ""service_type"": ""URLLC""}",,DROPPED,[],[],[],"{""service_type"": ""URLLC"", ""latency_ms"": null, ""bandwidth_mbps"": null, ""reliability"": null, ""device_count"": null, ""coverage"": null, ""objective"": null}",True
EXP2-152,invalid_implicit_unsupported_parameter,unsupported_natural_language_parameter,Create eMBB with an imaginary ultra-priority mechanism.,True,True,eMBB,"{""bandwidth_mbps"": null, ""coverage"": null, ""device_count"": null, ""latency_ms"": null, ""objective"": null, ""reliability"": null, ""service_type"": ""eMBB""}",,DROPPED,[],[],[],"{""service_type"": ""eMBB"", ""latency_ms"": null, ""bandwidth_mbps"": null, ""reliability"": null, ""device_count"": null, ""coverage"": null, ""objective"": null}",True
EXP2-153,invalid_implicit_unsupported_parameter,unsupported_natural_language_parameter,Enable quantum scheduling for this mMTC slice.,True,True,mMTC,"{""bandwidth_mbps"": null, ""coverage"": null, ""device_count"": null, ""latency_ms"": null, ""objective"": null, ""reliability"": null, ""service_type"": ""mMTC""}",,DROPPED,[],[],[],"{""service_type"": ""mMTC"", ""latency_ms"": null, ""bandwidth_mbps"": null, ""reliability"": null, ""device_count"": null, ""coverage"": null, ""objective"": null}",True
EXP2-154,invalid_implicit_unsupported_parameter,unsupported_natural_language_parameter,Create URLLC using an impossible reliability enhancement feature.,True,True,URLLC,"{""bandwidth_mbps"": null, ""coverage"": null, ""device_count"": null, ""latency_ms"": null, ""objective"": ""Create URLLC using an impossible reliability enhancement feature"", ""reliability"": null, ""service_type"": ""URLLC""}",,PRESERVED_AS_TEXT,"[""objective""]",[],[],"{""service_type"": ""URLLC"", ""latency_ms"": null, ""bandwidth_mbps"": null, ""reliability"": null, ""device_count"": null, ""coverage"": null, ""objective"": null}",True
EXP2-155,invalid_implicit_unsupported_parameter,unsupported_natural_language_parameter,Route this eMBB slice through hyperspace.,True,True,eMBB,"{""bandwidth_mbps"": null, ""coverage"": null, ""device_count"": null, ""latency_ms"": null, ""objective"": null, ""reliability"": null, ""service_type"": ""eMBB""}",,DROPPED,[],[],[],"{""service_type"": ""eMBB"", ""latency_ms"": null, ""bandwidth_mbps"": null, ""reliability"": null, ""device_count"": null, ""coverage"": null, ""objective"": null}",True
EXP2-156,invalid_implicit_unsupported_parameter,unsupported_natural_language_parameter,Give this mMTC service a fictional device-priority mechanism.,True,True,mMTC,"{""bandwidth_mbps"": 100, ""coverage"": ""100%"", ""device_count"": 1000000, ""latency_ms"": 1000, ""objective"": ""Provide a fictional device-priority mechanism for mMTC service"", ""reliability"": 0.99, ""service_type"": ""mMTC""}",,PRESERVED_AS_TEXT,"[""objective""]",[],[],"{""service_type"": ""mMTC"", ""latency_ms"": null, ""bandwidth_mbps"": null, ""reliability"": null, ""device_count"": null, ""coverage"": null, ""objective"": null}",True
