id,expected_valid,predicted_valid,correct_decision,llm_invoked,parse_status,rejection_stage
HO001,True,False,False,False,N/A,source_gate
HO002,True,True,True,True,PASS,accepted_no_rejection_stage
HO003,True,True,True,True,PASS,accepted_no_rejection_stage
HO004,True,True,True,True,PASS,accepted_no_rejection_stage
HO005,True,True,True,True,PASS,accepted_no_rejection_stage
HO006,True,True,True,True,PASS,accepted_no_rejection_stage
HO007,True,False,False,False,N/A,source_gate
HO008,True,True,True,True,PASS,accepted_no_rejection_stage
HO009,True,True,True,True,PASS,accepted_no_rejection_stage
HO010,True,False,False,False,N/A,source_gate
HO011,True,True,True,True,PASS,accepted_no_rejection_stage
HO012,True,False,False,False,N/A,source_gate
HO013,True,False,False,False,N/A,source_gate
HO014,True,True,True,True,PASS,accepted_no_rejection_stage
HO015,True,True,True,True,PASS,accepted_no_rejection_stage
HO016,True,True,True,True,PASS,accepted_no_rejection_stage
HO017,True,True,True,True,PASS,accepted_no_rejection_stage
HO018,True,True,True,True,PASS,accepted_no_rejection_stage
HO019,True,True,True,True,PASS,accepted_no_rejection_stage
HO020,True,True,True,True,PASS,accepted_no_rejection_stage
HO021,True,True,True,True,PASS,accepted_no_rejection_stage
HO022,True,True,True,True,PASS,accepted_no_rejection_stage
HO023,True,True,True,True,PASS,accepted_no_rejection_stage
HO024,True,True,True,True,PASS,accepted_no_rejection_stage
HO025,True,True,True,True,PASS,accepted_no_rejection_stage
HO026,True,True,True,True,PASS,accepted_no_rejection_stage
HO027,True,True,True,True,PASS,accepted_no_rejection_stage
HO028,True,True,True,True,PASS,accepted_no_rejection_stage
HO029,True,True,True,True,PASS,accepted_no_rejection_stage
HO030,True,True,True,True,PASS,accepted_no_rejection_stage
HO031,False,True,False,True,PASS,accepted_no_rejection_stage
HO032,False,False,True,True,PASS,cir_validation
HO033,False,True,False,True,PASS,accepted_no_rejection_stage
HO034,False,False,True,True,PASS,cir_validation
HO035,False,False,True,True,PASS,preservation
HO036,False,False,True,True,PASS,cir_validation
HO037,True,True,True,True,PASS,accepted_no_rejection_stage
HO038,True,True,True,True,PASS,accepted_no_rejection_stage
HO039,True,True,True,True,PASS,accepted_no_rejection_stage
HO040,True,True,True,True,PASS,accepted_no_rejection_stage
HO041,True,True,True,True,PASS,accepted_no_rejection_stage
HO042,True,True,True,True,PASS,accepted_no_rejection_stage
HO043,True,True,True,True,PASS,accepted_no_rejection_stage
HO044,True,True,True,True,PASS,accepted_no_rejection_stage
HO045,True,True,True,True,PASS,accepted_no_rejection_stage
HO046,True,True,True,True,PASS,accepted_no_rejection_stage
HO047,True,True,True,True,PASS,accepted_no_rejection_stage
HO048,True,True,True,True,PASS,accepted_no_rejection_stage
HO049,False,True,False,True,PASS,accepted_no_rejection_stage
HO050,False,False,True,False,N/A,constraint_consistency
HO051,False,False,True,False,N/A,constraint_consistency
HO052,False,False,True,False,N/A,constraint_consistency
HO053,False,False,True,False,N/A,constraint_consistency
HO054,False,False,True,False,N/A,constraint_consistency
HO055,False,False,True,False,N/A,constraint_consistency
HO056,False,True,False,True,PASS,accepted_no_rejection_stage
HO057,True,True,True,True,PASS,accepted_no_rejection_stage
HO058,True,True,True,True,PASS,accepted_no_rejection_stage
HO059,True,False,False,True,PASS,cir_validation
HO060,True,True,True,True,PASS,accepted_no_rejection_stage
HO061,True,True,True,True,PASS,accepted_no_rejection_stage
HO062,True,True,True,True,PASS,accepted_no_rejection_stage
HO063,True,False,False,True,PASS,cir_validation
HO064,True,True,True,True,PASS,accepted_no_rejection_stage
HO065,False,False,True,True,PASS,preservation
HO066,False,False,True,True,PASS,cir_validation
HO067,False,False,True,True,PASS,cir_validation
HO068,False,False,True,True,PASS,cir_validation
HO069,False,False,True,True,PASS,cir_validation
HO070,False,False,True,True,PASS,cir_validation
HO071,True,True,True,True,PASS,accepted_no_rejection_stage
HO072,True,True,True,True,PASS,accepted_no_rejection_stage
HO073,True,True,True,True,PASS,accepted_no_rejection_stage
HO074,True,True,True,True,PASS,accepted_no_rejection_stage
HO075,True,True,True,True,PASS,accepted_no_rejection_stage
HO076,True,True,True,True,PASS,accepted_no_rejection_stage
HO077,True,True,True,True,PASS,accepted_no_rejection_stage
HO078,True,True,True,True,PASS,accepted_no_rejection_stage
HO079,False,False,True,True,PASS,cir_validation
HO080,False,False,True,False,N/A,source_gate
HO081,False,False,True,False,N/A,source_gate
HO082,False,False,True,True,PASS,cir_validation
HO083,False,False,True,False,N/A,r7_qualitative_source_gate
HO084,False,False,True,False,N/A,r7_qualitative_source_gate
HO085,False,False,True,False,N/A,r7_qualitative_source_gate
HO086,False,False,True,False,N/A,r7_qualitative_source_gate
HO087,False,True,False,True,PASS,accepted_no_rejection_stage
HO088,False,True,False,True,PASS,accepted_no_rejection_stage
HO089,False,False,True,False,N/A,source_gate
HO090,False,True,False,True,PASS,accepted_no_rejection_stage
HO091,False,False,True,False,N/A,source_gate
HO092,False,True,False,True,PASS,accepted_no_rejection_stage
HO093,False,False,True,False,N/A,source_gate
HO094,False,True,False,True,PASS,accepted_no_rejection_stage
HO095,False,False,True,False,N/A,source_gate
HO096,False,False,True,False,N/A,source_gate
HO097,False,True,False,True,PASS,accepted_no_rejection_stage
HO098,False,False,True,False,N/A,r7_qualitative_source_gate
HO099,False,False,True,False,N/A,constraint_consistency
HO100,False,False,True,False,N/A,constraint_consistency
HO101,False,False,True,False,N/A,constraint_consistency
HO102,False,True,False,True,PASS,accepted_no_rejection_stage
HO103,False,False,True,False,N/A,constraint_consistency
HO104,False,False,True,False,N/A,constraint_consistency
HO105,False,False,True,False,N/A,constraint_consistency
HO106,False,False,True,False,N/A,constraint_consistency
HO107,False,False,True,False,N/A,constraint_consistency
HO108,False,True,False,True,PASS,accepted_no_rejection_stage
HO109,False,False,True,False,N/A,source_gate
HO110,False,False,True,False,N/A,source_gate
HO111,False,False,True,False,N/A,source_gate
HO112,False,False,True,False,N/A,source_gate
HO113,False,False,True,False,N/A,source_gate
HO114,False,False,True,False,N/A,source_gate
HO115,False,False,True,False,N/A,source_gate
HO116,False,False,True,False,N/A,source_gate
HO117,False,False,True,False,N/A,source_gate
HO118,False,False,True,False,N/A,source_gate
HO119,False,False,True,False,N/A,source_gate
HO120,False,False,True,False,N/A,source_gate
