id,intent,category,subcategory,expected_valid,expected_service,difficulty,linguistic_form,constraint_type,notes
EXP2B-071,Provision eMBB with throughput exactly 100 Mbps and exactly 800 Mbps.,invalid_contradictory_constraints,throughput_exact_conflict,False,eMBB,hard,compound_numeric,contradictory,Two source constraints are mutually incompatible.
EXP2B-072,Configure mMTC for at most 4000 devices and at least 25000 devices.,invalid_contradictory_constraints,device_closed_bounds_conflict,False,mMTC,hard,compound_numeric,contradictory,Two source constraints are mutually incompatible.
EXP2B-073,Create URLLC with latency at least 50 ms and at most 8 ms.,invalid_contradictory_constraints,latency_closed_bounds_conflict,False,URLLC,hard,compound_numeric,contradictory,Two source constraints are mutually incompatible.
EXP2B-074,Provision eMBB with throughput below 150 Mbps and above 500 Mbps.,invalid_contradictory_constraints,throughput_bounds_conflict,False,eMBB,hard,compound_numeric,contradictory,Two source constraints are mutually incompatible.
EXP2B-075,Configure mMTC for exactly 9000 connected devices and above 45000 devices.,invalid_contradictory_constraints,device_exact_lower_conflict,False,mMTC,hard,compound_numeric,contradictory,Two source constraints are mutually incompatible.
EXP2B-076,Create eMBB with 450 Mbps bandwidth and use predictive traffic teleportation.,invalid_mixed_validity_compound,valid_bandwidth_unsupported_capability,False,eMBB,hard,compound_mixed,mixed_invalid,"Contains at least one apparently valid requirement combined with an invalid, conflicting, unsupported, or control-manipulation requirement."
EXP2B-077,Provision URLLC with latency below 6 ms and require future-aware scheduling.,invalid_mixed_validity_compound,valid_latency_unsupported_capability,False,URLLC,hard,compound_mixed,mixed_invalid,"Contains at least one apparently valid requirement combined with an invalid, conflicting, unsupported, or control-manipulation requirement."
EXP2B-078,Configure mMTC for 24000 devices and use autonomous spectrum creation.,invalid_mixed_validity_compound,valid_devices_unsupported_capability,False,mMTC,hard,compound_mixed,mixed_invalid,"Contains at least one apparently valid requirement combined with an invalid, conflicting, unsupported, or control-manipulation requirement."
EXP2B-079,Create eMBB with reliability of 99% and require lossless infinite compression.,invalid_mixed_validity_compound,valid_reliability_unsupported_capability,False,eMBB,hard,compound_mixed,mixed_invalid,"Contains at least one apparently valid requirement combined with an invalid, conflicting, unsupported, or control-manipulation requirement."
EXP2B-080,Provision URLLC with 5 ms latency and use pre-arrival packet processing.,invalid_mixed_validity_compound,valid_latency_unsupported_processing,False,URLLC,hard,compound_mixed,mixed_invalid,"Contains at least one apparently valid requirement combined with an invalid, conflicting, unsupported, or control-manipulation requirement."
